asegurado_id,asegurado_nombre,asegurado_apellido,asegurado_telefono,asegurado_mail
1,Isidro,Velez,3512535982,isidro.z@gmail.com
2,Laura,Garcia,2603376974,laura.a@hotmail.com
3,Fortunato,Zamora,3879858383,f.zamora@outlook.com
4,Alfredo,Venecio,3411854363,
5,Gilberto,Tello,,
6,Alfredo,Duarte,3886239424,a.duarte@gmail.com
7,Prospero,Vanetta,2608633586,p.vanetta@yahoo.com
8,Monica,Re,,
9,Elena,Chattas,3817795855,e.chattas@hotmail.com
10,Aquilino,Neira,2609655723,aquilino.neira@broker.com
11,Josefa,Fichetti,,josefa.i@broker.com
12,Procopio,Carnero,3412321638,procopio.carnero@outlook.com
13,Nicolas,Galarza,3881530843,n.galarza@hotmail.com
14,Raimundo,Rojo,3519239585,raimundo.rojo@broker.com
15,Gaspar,Calvar,3885868979,
16,Cecilia,Ruiz,3875345082,c.ruiz@outlook.com
17,Ernesto,Gonzalez,3814042875,ernesto.gonzalez@gmail.com
18,Evaristo,Santolino,2606896663,evaristo.o@outlook.com
19,Maria del Pilar,Concreto,3871541450,
20,Rafaela,Correa,2607728950,
21,Carlos,Allende,,c.allende@yahoo.com
22,Manuela,Manten,3518738383,manuela.manten@gmail.com
23,Alejandra,Cervi,3878359131,
24,Maria Belen,Siete27 Sas,3518081862,siete27@gmail.com
25,Gumersindo,Carando,2604263584,gumersindo.o@gmail.com
26,Teodosio,Contarino,2605542023,t.contarino@gmail.com
27,Jesus,Arnau,3875366571,jesus.arnau@yahoo.com
28,Mateo,Muttigliengo,3819261188,
29,Ildefonso,Del Basso,,
30,Eladio,Orellano,,
31,Raul,Zalaya,3514730943,raul.a@outlook.com
32,Manuela,Arrigo,,
33,Natalia,Gianini,2601206990,
34,Edelmiro,Roccia,3514101075,edelmiro.roccia@outlook.com
35,Francisco,Diaz,,f.diaz@hotmail.com
36,Aurora,Suarez,,a.suarez@outlook.com
37,Silvia,Machado,2608585628,silvia.machado@gmail.com
38,Gabriel,Galindez,3872318357,g.galindez@broker.com
39,Remedios,Ortiz,2607146992,r.ortiz@gmail.com
40,Ambrosio,Huergo,3876859538,ambrosio.o@yahoo.com
41,Fabian,Tata,3887398063,fabian.tata@broker.com
42,Prospero,Lopez,1122882049,prospero.z@yahoo.com
43,Epifanio,Nicolossi,1155002904,epifanio.nicolossi@hotmail.com
44,Anacleto,Perez,3883785541,
45,Simon,Distasi,3888827052,simon.i@hotmail.com
46,Ana,Leguizamon,2605297736,a.leguizamon@broker.com
47,Ernesto,Sanchez,3874128266,
48,Braulio,Lopez,3881766682,braulio.z@yahoo.com
49,Maria Jesus,Carnazola,3811545519,maria jesus.carnazola@outlook.com
50,Jacinto,Inzai,3414812569,jacinto.i@hotmail.com
51,Amparo,Parra,3881890860,a.parra@gmail.com
52,Valeriano,Forno,3812406407,v.forno@gmail.com
53,Cecilia,Gonzalez,3518936800,cecilia.gonzalez@broker.com
54,Alfredo,Navarro,3815526757,alfredo.navarro@yahoo.com
55,Maria Jesus,Barroso,1180314903,m.barroso@gmail.com
56,Raul,Fernandez,2608042957,raul.fernandez@yahoo.com
57,Felisa,Villafanie,3816509973,
58,Beatriz,Guerin,,beatriz.n@yahoo.com
59,Lucia,Antonelli,,l.antonelli@outlook.com
60,Miriam,Pinto,3417030537,miriam.o@outlook.com
61,Manuel,Tejeda,3887267881,
62,Alonso,Hoppe,,alonso.hoppe@yahoo.com
63,Rafaela,Patinio,,r.patinio@broker.com
64,Natalia,Jusid,1118368743,
65,Maria Jesus,Bessone,3878374899,maria jesus.bessone@gmail.com
66,Hermenegildo,Piqueras,3873709079,hermenegildo.s@gmail.com
67,Luis,Cadre,3815481346,l.cadre@gmail.com
68,Faustino,Marceletti,1116948298,faustino.marceletti@yahoo.com
69,Filomeno,Morales,3888047690,f.morales@hotmail.com
70,Honorato,Pereyra,,honorato.pereyra@yahoo.com
71,Adalberto,Vaudagna,2609382331,adalberto.a@hotmail.com
72,Maria Dolores,Suarez,3517056850,maria dolores.suarez@outlook.com
73,Manuela,Videla,1119731296,m.videla@hotmail.com
74,Antonia,Acevedo,3511600637,antonia.acevedo@hotmail.com
75,Tomas,Prono,3519201193,
76,Octavio,Hanjian,1199118362,octavio.n@yahoo.com
77,Andres,Sabino,,andres.o@broker.com
78,Gerardo,Bulacio,,gerardo.bulacio@hotmail.com
79,Rafaela,Aguero,3414697008,rafaela.aguero@gmail.com
80,Hugo,Arias,1196802551,hugo.s@gmail.com
81,Ines,Picon,2608117439,i.picon@outlook.com
82,Concepcion,Almena,2605185882,concepcion.almena@gmail.com
83,Toribio,Gonzalez,2607588807,t.gonzalez@broker.com
84,Panfilo,Molina,1151970589,panfilo.a@outlook.com
85,Mariano,Aznar,3819778345,
86,Angustias,Escriba,3417233469,angustias.a@yahoo.com
87,Higinio,Coronda,3515615101,higinio.a@broker.com
88,Bartolome,Ottonello,3413552191,bartolome.o@gmail.com
89,Dolores,Gonzalez,3888216051,d.gonzalez@gmail.com
90,Anselmo,Godoy,3512545999,a.godoy@yahoo.com
91,Constantino,Rivero,3888491788,constantino.rivero@broker.com
92,Eladio,Gribaudo,1111521485,e.gribaudo@hotmail.com
93,Aitana,Rimondino,,aitana.o@broker.com
94,Braulio,Suarez,1197866263,b.suarez@broker.com
95,Honorato,Martinez,3819610081,honorato.z@outlook.com
96,Silvia,Thomas,3886093970,
97,Maria del Carmen,Aguirre,3889659794,m.aguirre@broker.com
98,Angustias,Martina,3413392750,angustias.martina@outlook.com
99,Maria Belen,Syngenta,2609698209,m.syngenta@yahoo.com
100,Enrique,Ponce De Leon,3812858917,e.ponce de leon@gmail.com
101,David,Gonzalez,1182363901,
102,Aurora,Delseri,3881466959,a.delseri@gmail.com
103,Honorato,Aguirre,1183919035,
104,Pantaleon,Actis,3416495243,pantaleon.actis@gmail.com
105,Urbano,Ordoniez,3512966945,u.ordoniez@yahoo.com
106,Maria de la Asuncion,Bayona,3819598741,maria de la asuncion.a@yahoo.com
107,Ovidio,Turrado,2609578258,ovidio.turrado@hotmail.com
108,Esperanza,Suarez,3417724072,esperanza.suarez@hotmail.com
109,Gumersindo,Trujillo,3517900879,gumersindo.trujillo@outlook.com
110,Isaias,Prof,3412719229,isaias.f@yahoo.com
111,Maria Jose,Marchetti,1129973394,maria jose.marchetti@outlook.com
112,Esteban,Bertoldi,3876006479,esteban.bertoldi@yahoo.com
113,Dionisio,Diaz,3877322942,
114,Maria Isabel,Ray,,maria isabel.ray@broker.com
115,Clara,Cintioni,,clara.cintioni@outlook.com
116,Encarnacion,Falco,2603005616,encarnacion.falco@yahoo.com
117,Maria de la Concepcion,Rosolio,1133814184,maria de la concepcion.o@hotmail.com
118,Angustias,Camara,3515360621,angustias.camara@hotmail.com
119,alvaro,Cabanillas,,a.cabanillas@gmail.com
120,Maria Elena,Kademian,2606484147,m.kademian@hotmail.com
121,Hermenegildo,Vinias,3882846563,hermenegildo.s@gmail.com
122,Carlos,Mastrotta,3515304809,carlos.a@hotmail.com
123,Sandra,Bertola,2608254997,sandra.bertola@outlook.com
124,Rosalio,Cossani,3881613173,rosalio.cossani@gmail.com
125,Sebastian,Aldasoro,3412008562,sebastian.o@hotmail.com
126,Aitana,Videla,3875929265,a.videla@broker.com
127,Bartolome,Airaudo,3414945008,b.airaudo@gmail.com
128,Valentin,Olmedo,,v.olmedo@hotmail.com
129,Bernabe,Ayetti,3876951669,b.ayetti@outlook.com
130,Pascual,Ohannessian,3872054236,p.ohannessian@outlook.com
131,Herminio,Berraquero,3883604242,herminio.berraquero@yahoo.com
132,Paula,Moreno,1179570594,paula.moreno@yahoo.com
133,Filomeno,Laquiz,3884445093,filomeno.z@gmail.com
134,alvaro,Velasquez,1117590884,alvaro.velasquez@hotmail.com
135,Anastasio,Kulchar,3872825613,a.kulchar@yahoo.com
136,Sandra,Vera,3883396779,sandra.vera@outlook.com
137,Teodosio,Martos,,t.martos@yahoo.com
138,Adriana,Icely,3874572990,
139,Maria Paz,Cardetti,3815483498,
140,Leocadio,Moyano,,l.moyano@gmail.com
141,Urbano,Pavia,3411188413,urbano.pavia@outlook.com
142,Begona,Rogani,2607826988,begonia.rogani@yahoo.com
143,Antonia,Arias,3817795035,a.arias@broker.com
144,Valerio,Racca,2602625369,
145,Casimiro,Alvarez,3813024999,casimiro.z@yahoo.com
146,Rosa,Ferraro,2604084883,rosa.o@hotmail.com
147,Trinidad,Ceccon,2609681478,trinidad.n@gmail.com
148,Sara,Azar,3514581433,
149,Sergio,Zabala,3515228955,
150,Eduardo,Eurespi,3512395985,eduardo.eurespi@yahoo.com
151,Bonifacio,Avakian,3512405194,bonifacio.avakian@yahoo.com
152,Torcuato,Ray,3872519118,torcuato.y@yahoo.com
153,Francisco,Mastroianni,3513612198,francisco.i@outlook.com
154,Abundio,Sagrera,3881266933,abundio.a@broker.com
155,Pilar,Priotti,3815395507,
156,Maria de los Desamparados,Boarino,,maria de los desamparados.boarino@broker.com
157,Maria angeles,Paira,2601271565,maria angeles.a@gmail.com
158,Silvia,Robledo,1168189094,s.robledo@broker.com
159,Cristina,Farias,,
160,Ezequiel,Asnal,3419225372,ezequiel.l@outlook.com
161,Alcides,Porro,3873960223,
162,Cipriano,Dominguez,1174175194,cipriano.z@broker.com
163,Apolonio,Abad,1161219828,apolonio.d@outlook.com
164,Maria del Pilar,Garcia,3516003959,maria del pilar.garcia@yahoo.com
165,Felipe,Rius,3885263161,felipe.s@gmail.com
166,Silvia,Vallejos,3884594388,silvia.vallejos@outlook.com
167,Inigo,Bragania,2604324825,iniigo.a@hotmail.com
168,Luis,Bergoglio,3813239673,l.bergoglio@yahoo.com
169,Maria Belen,Almada,1121312547,maria belen.almada@yahoo.com
170,Lucia,Ghisolfi,3812484128,lucia.i@hotmail.com
171,Valeriano,Ullrich,3878075487,v.ullrich@yahoo.com
172,Marta,Reyes,2604471545,marta.s@broker.com
173,Prospero,Valle,3518869040,prospero.e@outlook.com
174,Maria del Rocio,Rigutto,1158916176,
175,Maria Paz,Felipetti,3811466725,maria paz.felipetti@broker.com
176,Hipolito,Balangione,3515775130,hipolito.balangione@yahoo.com
177,Ana,Garcia,3815255104,ana.a@outlook.com
178,Valerio,Torrez,3411399806,v.torrez@yahoo.com
179,Toribio,Bas,3412157093,toribio.bas@gmail.com
180,Maria Jesus,Roque,3519699140,maria jesus.roque@broker.com
181,Noelia,Simitliotis,3875728130,noelia.simitliotis@broker.com
182,Cristobal,Lopez,3813531968,
183,Saturnino,Rojas,3877222809,saturnino.rojas@gmail.com
184,Adalberto,Paez,3515951321,
185,Rafael,Diaz,,rafael.z@gmail.com
186,Arsenio,Prelatto,1170934815,a.prelatto@outlook.com
187,Sergio,Juarez,1133319125,s.juarez@hotmail.com
188,Estanislao,Tejeda,3887496993,estanislao.a@yahoo.com
189,Raul,Heredia,1118187288,raul.a@broker.com
190,Gerardo,Navarro,3419056774,g.navarro@broker.com
191,Elisa,Barrionuevo,3873034651,e.barrionuevo@gmail.com
192,Florencio,Bruzzo,3889951546,f.bruzzo@broker.com
193,Maria,Fervari,3811220915,maria.fervari@yahoo.com
194,Maria de la Concepcion,Sequeira,3414871775,maria de la concepcion.sequeira@yahoo.com
195,Vicente,Roteta,,vicente.a@outlook.com
196,Margarita,Chavarria,3883620635,
197,Arsenio,Lencina,1138264217,
198,Jorge,Rolando,3872819098,jorge.rolando@outlook.com
199,Arnulfo,Caporale,,arnulfo.caporale@broker.com
200,Braulio,Morales,2605912713,braulio.s@broker.com
201,Alipio,Carmona,3512582781,alipio.a@gmail.com
202,Filomeno,Charras,1179397256,filomeno.charras@outlook.com
203,Fabian,Romagnoli,3414945062,
204,Felisa,Luquez,3816709514,f.luquez@gmail.com
205,Vicente,Andrada,2603665109,v.andrada@gmail.com
206,Mauricio,Almada,3519505042,mauricio.a@gmail.com
207,Artemio,Taborda,3812257617,artemio.taborda@broker.com
208,Cristobal,Avellaneda,1126174646,c.avellaneda@gmail.com
209,Adrian,Cavagnaro,1165383447,
210,Purificacion,Quintana,1194398140,p.quintana@hotmail.com
211,Pilar,Arevalo,3517205730,pilar.o@outlook.com
212,Felisa,Girotto,3879373457,felisa.o@yahoo.com
213,Evaristo,Rodriguez,3885095494,evaristo.z@yahoo.com
214,Manuel,Griffo,1134800229,m.griffo@outlook.com
215,Isidro,Ginsitsky,,i.ginsitsky@hotmail.com
216,Rosalio,Benaglia,2603012389,r.benaglia@yahoo.com
217,Secundino,Zazu,3517027875,s.zazu@hotmail.com
218,Alonso,Bravin,3413829817,alonso.n@outlook.com
219,Nestor,Flores,1134736409,n.flores@yahoo.com
220,Gaspar,Miranda,3518070317,g.miranda@broker.com
221,Maria Rosa,Almada,1190927585,maria rosa.almada@yahoo.com
222,Jesus,Pizzi,3813932891,j.pizzi@hotmail.com
223,Lourdes,Mammana,,l.mammana@gmail.com
224,Fabian,Miranda,3815755380,
225,Anselmo,Gomez,,a.gomez@yahoo.com
226,Maria del Valle,Ferreyra,,maria del valle.ferreyra@outlook.com
227,Elena,Altamirano,,elena.altamirano@yahoo.com
228,Faustino,Vivas Tello,,faustino.o@outlook.com
229,Aurelia,Rueda,1183596038,aurelia.a@yahoo.com
230,Noelia,Camara,2607965180,n.camara@outlook.com
231,Amparo,Barrasa,2608019619,a.barrasa@hotmail.com
232,Leopoldo,Olsina,3416997992,leopoldo.olsina@outlook.com
233,Artemio,Ceruolo,3885527222,
234,Mariano,Villalba,3513360961,mariano.villalba@outlook.com
235,Pantaleon,Martinez,3513014021,pantaleon.martinez@gmail.com
236,Maria Antonia,Torres,3511402662,maria antonia.torres@outlook.com
237,Ladislao,Lemos,,ladislao.lemos@gmail.com
238,Rafaela,Moyano,3416933573,r.moyano@outlook.com
239,Maria Luisa,Illanes,3511590764,m.illanes@gmail.com
240,Adalberto,Goldner,3886996461,adalberto.goldner@outlook.com
241,Damaso,Fanara,3871987276,damaso.fanara@hotmail.com
242,Faustino,Genova,3874234155,f.genova@broker.com
243,Alcides,Cuello,3885149890,
244,Cecilia,Plans,2607054171,cecilia.s@gmail.com
245,Mariano,Prado,1194155984,m.prado@broker.com
246,Maria del Rosario,Virga,3516839433,
247,David,Barrera,3417940304,david.a@yahoo.com
248,Alipio,Curell,1119594382,a.curell@yahoo.com
249,Jacinto,Erneta,,jacinto.erneta@gmail.com
250,Higinio,Solferino,1118621030,h.solferino@yahoo.com
251,Almudena,Barrios,1189346933,almudena.s@broker.com
252,Teresa,Juri,,
253,Maria Luisa,Lujan,3883093929,
254,Elisa,Lopez,3412413271,e.lopez@gmail.com
255,Samuel,Gallegos,3879572214,samuel.gallegos@yahoo.com
256,Belen,Olmedo,3817156609,belen.olmedo@broker.com
257,Juan,Kawesar,3873102672,juan.r@broker.com
258,Ildefonso,Catalani,,ildefonso.i@outlook.com
259,Severo,Ordoniez,3875555601,severo.ordoniez@broker.com
260,Bernabe,Ceballos,3881250503,b.ceballos@gmail.com
261,Elena,Roldan,2602426992,elena.roldan@hotmail.com
262,Procopio,Zerda,3417318030,procopio.zerda@hotmail.com
263,Teodosio,Diaz,3887752967,teodosio.z@broker.com
264,Susana,Floridia,2601685682,susana.floridia@outlook.com
265,Maria de la Asuncion,Duarte,1130177734,
266,Leocadio,Lujan,1118095204,leocadio.lujan@gmail.com
267,Mariano,Fernandez,3515925613,mariano.z@broker.com
268,Aurelia,Scheble,3819246606,
269,Pedro,Kruse,3878862232,p.kruse@hotmail.com
270,Valentin,Diaz,3814281147,
271,Martin,Plancich,,martin.h@yahoo.com
272,Miguel,Mirolo,2602497049,m.mirolo@outlook.com
273,Inigo,Casa,3871191388,iniigo.a@broker.com
274,Nuria,Rios,3814208704,
275,Aurelio,Povarchik,,
276,Maria Luisa,Diaz,,maria luisa.z@outlook.com
277,Tarsicio,Pirazzini,3814477421,t.pirazzini@hotmail.com
278,Hilario,Gomez,,hilario.gomez@gmail.com
279,Amadeo,Zarandon,3871523716,
280,Faustino,Rivadero,,
281,Leandro,Alonso,,leandro.o@yahoo.com
282,Maria Jesus,Alonso,,maria jesus.alonso@gmail.com
283,Sofia,Catolica,3813225471,sofia.catolica@gmail.com
284,Cristobal,Baquero,,c.baquero@gmail.com
285,Arnulfo,Carme,3411704135,
286,Aurelia,Bernardi,3882308225,aurelia.i@gmail.com
287,Eulogio,Hernandez,3883743469,
288,Leocadio,Nanini,,leocadio.i@outlook.com
289,Florencio,Compagnucci,3414333301,florencio.i@yahoo.com
290,David,Torres,1125488426,david.torres@yahoo.com
291,Mateo,Arce,3813725134,mateo.arce@yahoo.com
292,Valerio,Maldonado,3872599992,valerio.maldonado@yahoo.com
293,Pascual,Sufia,1113871015,
294,Abundio,Veglia,3519716339,a.veglia@outlook.com
295,Isaac,Morales,2607367136,isaac.morales@hotmail.com
296,Rafael,Salduna,3419184437,rafael.salduna@broker.com
297,Marcos,Boyko,2601709889,m.boyko@outlook.com
298,David,Juncos,,d.juncos@broker.com
299,Cesar,Rufino,2605635985,cesar.o@broker.com
300,Maria Dolores,Rojo,3884729417,m.rojo@broker.com
301,Eulalio,Fernandez,3419441526,eulalio.z@yahoo.com
302,Teodoro,Guevara,2602304856,
303,Maria Belen,Tagle,,maria belen.e@yahoo.com
304,Hector,Squinobal,3879830226,h.squinobal@gmail.com
305,Edelmiro,Flores,,
306,Josefa,Castillo,,j.castillo@outlook.com
307,Simon,Rodriguez,2609857338,simon.z@gmail.com
308,Luis,Oneto,3518559798,l.oneto@yahoo.com
309,Lucia,Buenavida,2605301700,l.buenavida@hotmail.com
310,Silvia,Godoy,2609796233,
311,Elvira,Vives,2603615446,
312,Alberico,Bazan,,alberico.n@hotmail.com
313,Mateo,Zalazar,3813584003,m.zalazar@hotmail.com
314,Josefina,Irala,3517665322,j.irala@gmail.com
315,Beltran,Caminotti,3514875113,
316,Esteban,Sandoval,3887947022,esteban.l@gmail.com
317,Raul,Feliza,2605009225,raul.feliza@outlook.com
318,Cayetano,Palmina,1117189265,cayetano.a@yahoo.com
319,Luis,Carda,2602203935,luis.a@yahoo.com
320,Isidro,Lizzi,3874096275,isidro.lizzi@gmail.com
321,Margarita,Cagnolo,3514686375,margarita.o@hotmail.com
322,Secundino,Cabrera,3513782685,secundino.cabrera@gmail.com
323,Zacarias,Duretti,,z.duretti@broker.com
324,Maria Isabel,Molla,,m.molla@outlook.com
325,Salvador,Omieljanowicz,3516756069,
326,Arsenio,Escudero,1174304637,
327,Paula,Romera,3878517807,paula.romera@yahoo.com
328,Maria de los angeles,Dominguez,2609415775,maria de los angeles.dominguez@broker.com
329,Samuel,Ermoli,1162125181,samuel.i@broker.com
330,Pablo,Polzia,,pablo.a@hotmail.com
331,Melquiades,Delgado,3815847643,melquiades.delgado@gmail.com
332,Herminio,Fontanella,,herminio.fontanella@broker.com
333,Marta,Arce,,marta.e@gmail.com
334,Sofia,Duran,3887733571,s.duran@yahoo.com
335,Maria angeles,Moreno,3519105035,maria angeles.moreno@outlook.com
336,Nieves,Terreno,3514866859,nieves.o@hotmail.com
337,Maria Teresa,Curatitoli,3513600988,maria teresa.i@outlook.com
338,Aurelia,Ocampo,3879216221,aurelia.ocampo@yahoo.com
339,Sonia,Lapeyrin,3418505131,s.lapeyrin@outlook.com
340,Nazario,Bertone,1198189133,
341,Sara,Castillo,3514509186,sara.castillo@hotmail.com
342,Hilario,Caresano,2607480573,h.caresano@yahoo.com
343,Higinio,Minue,3514340920,higinio.e@hotmail.com
344,Abundio,Vecnia,3416076212,abundio.a@broker.com
345,Andres,Freire,3818101092,andres.e@outlook.com
346,Manuela,Soria,2602882550,manuela.a@hotmail.com
347,Maria,Roldan,1135222345,m.roldan@hotmail.com
348,Octavio,Bollatti,,octavio.bollatti@yahoo.com
349,Maria del Mar,Sanguinetti,2602016098,maria del mar.i@outlook.com
350,Purificacion,Magoia,3818551988,purificacion.a@yahoo.com
351,Melquiades,Ternavasio,3814502468,melquiades.ternavasio@yahoo.com
352,Leocadio,Ojeda,3879702354,leocadio.a@gmail.com
353,Bartolome,Acosta,2601717655,bartolome.acosta@yahoo.com
354,Maria Paz,Borrajo,3815281133,m.borrajo@outlook.com
355,Pedro,Meloni,3418192200,pedro.meloni@broker.com
356,Sandra,Degani,3888185965,sandra.degani@hotmail.com
357,Angustias,Pairone,1114574485,
358,Isabel,Rafael,3413197999,isabel.rafael@yahoo.com
359,Aquilino,Maidana,3411560083,a.maidana@broker.com
360,Consuelo,Sanchez,3811253991,consuelo.sanchez@gmail.com
361,Milagros,Jurich,3516135921,m.jurich@yahoo.com
362,Luis,Suarez,3871998781,luis.z@yahoo.com
363,Eulogio,Esposito,1131341445,eulogio.esposito@gmail.com
364,Zacarias,Baldan,3516483916,z.baldan@yahoo.com
365,Hipolito,Malosetti,1129128472,hipolito.malosetti@broker.com
366,Carmen,Dominguez,3812146433,c.dominguez@gmail.com
367,Esther,Suarez,,esther.z@gmail.com
368,Belen,Santucho,2604783309,
369,Sofia,Bernahola,3887413589,sofia.a@outlook.com
370,Gumersindo,Escanes,3415793244,gumersindo.s@yahoo.com
371,Julian,Cagnolo,,julian.o@broker.com
372,Claudio,Genolet,3518179369,claudio.t@outlook.com
373,Ambrosio,Coronel,3512186733,a.coronel@yahoo.com
374,Fabian,Rubio,3515530330,
375,Adrian,Insaurralde,,adrian.e@hotmail.com
376,Prudencio,Gil,3883049035,p.gil@hotmail.com
377,Ildefonso,Sucaria,3511245652,ildefonso.a@broker.com
378,Juan,Otero,3879074408,juan.o@broker.com
379,Veronica,Swinnen,3518856483,veronica.n@hotmail.com
380,Federico,Barreda,3876370595,f.barreda@yahoo.com
381,Fatima,Del Vecchio,3884382173,f.del vecchio@hotmail.com
382,Alicia,Diaz,3416217324,alicia.diaz@yahoo.com
383,Vespasiano,Oca,3819582493,vespasiano.oca@broker.com
384,Herminio,Saiki,,herminio.saiki@broker.com
385,Claudio,Morena,3878097852,claudio.a@outlook.com
386,Amadeo,Kayer,3881935457,
387,Simon,Mastroviti,3888659123,simon.i@hotmail.com
388,Casimiro,Bulgarelli,3514564566,casimiro.i@gmail.com
389,Cipriano,Kauffmann,3886682200,cipriano.kauffmann@gmail.com
390,Eva,Saire,3514826478,e.saire@yahoo.com
391,Rosendo,Bocca,2603811802,r.bocca@yahoo.com
392,Claudio,Ramos,3875932122,claudio.s@outlook.com
393,Joaquin,Ramirez,2609943770,joaquin.z@broker.com
394,Enrique,Checarelli,2604640457,e.checarelli@hotmail.com
395,Siro,Lucero,3816461641,s.lucero@gmail.com
396,Federico,Funes,1159295779,federico.funes@gmail.com
397,Pilar,Silva,1143872119,p.silva@gmail.com
398,Ildefonso,Carassai,,ildefonso.carassai@gmail.com
399,Valeriano,Maulu,3419682630,valeriano.maulu@outlook.com
400,Gaspar,Bujan,3519905913,gaspar.n@outlook.com
401,Ovidio,Aorisk,3812889046,
402,Hermenegildo,Gardella,1186955170,h.gardella@outlook.com
403,Cecilia,Elias,1165672392,c.elias@gmail.com
404,Esther,Bastino,3515256668,esther.bastino@broker.com
405,Nuria,Arizaga,3888472499,nuria.a@outlook.com
406,Eloy,Omt,3875951366,eloy.omt@outlook.com
407,Ricardo,Granja,3875783162,
408,Dionisio,Lopez,3873973403,dionisio.z@gmail.com
409,Damaso,Cabrera,1179823127,damaso.a@yahoo.com
410,Claudio,Moya,3411569684,claudio.a@yahoo.com
411,Veronica,Moya,3414495490,v.moya@hotmail.com
412,Nuria,Palacios,2605263866,nuria.palacios@outlook.com
413,Miriam,Coronel,3871268042,miriam.coronel@hotmail.com
414,Ovidio,Reyna,3877053159,ovidio.reyna@broker.com
415,Cristina,Mattozzi,3874561993,
416,Maria del Carmen,Seel,3879737312,maria del carmen.l@gmail.com
417,Primitivo,Negrette,,primitivo.e@gmail.com
418,Veronica,Toderi,3888222937,veronica.i@yahoo.com
419,Damaso,Cuyocrem,3813814808,d.cuyocrem@outlook.com
420,Maria angeles,Caceres,3413100354,maria angeles.s@yahoo.com
421,Maria de los angeles,Grotti,1127735660,maria de los angeles.grotti@hotmail.com
422,Alberico,Gonzalez,3813712394,
423,Mireia,Alvelo,,m.alvelo@gmail.com
424,Arsenio,Reynoso,1194642141,arsenio.o@broker.com
425,Salvador,Gualda,3415772372,s.gualda@outlook.com
426,Rosalio,Caceres,3814003966,r.caceres@outlook.com
427,Ruperto,Sanchez,2601731133,ruperto.sanchez@hotmail.com
428,Bartolome,Marino,2608099207,bartolome.o@gmail.com
429,Amancio,Quatrocchi,3813721065,amancio.i@broker.com
430,Bonifacio,Olmedo,2605947296,bonifacio.olmedo@broker.com
431,Eva Maria,Saldana,,e.saldana@broker.com
432,Inocencio,Camacho,1134258762,
433,Mariano,Iglesias,3813010196,mariano.s@yahoo.com
434,Cirilo,Argentino,3815888030,c.argentino@broker.com
435,Edelmiro,Alvarez,,e.alvarez@outlook.com
436,Epifanio,Ramallo,3418325511,epifanio.ramallo@gmail.com
437,Maria Luisa,Caceres,3885687200,
438,German,Bonnardel,,german.l@broker.com
439,Casimiro,Villafanie,3413742076,casimiro.e@gmail.com
440,Antonia,Leal,3413456922,
441,Rosario,Rius,3883162609,r.rius@gmail.com
442,Veronica,Santiso,3814397914,veronica.santiso@yahoo.com
443,Clemente,Luduenia,3888985808,clemente.a@yahoo.com
444,Guillermo,Politano,,guillermo.politano@outlook.com
445,Teofilo,Olmedo,,teofilo.olmedo@yahoo.com
446,Emilio,Manrique,3813737234,
447,Siro,Pozada,,s.pozada@yahoo.com
448,Antonia,Rostagno,2605179885,antonia.o@outlook.com
449,Begona,Hinni,,begonia.hinni@gmail.com
450,Noelia,Vajuca,2602876651,noelia.vajuca@broker.com
451,Leocadio,Boco,3516945044,
452,Eduardo,Genmedi,,eduardo.i@hotmail.com
453,Faustino,Cruz,3516721322,faustino.cruz@outlook.com
454,Amadeo,Ibarra,2605532305,a.ibarra@broker.com
455,Begona,Iglesias,3416394583,begonia.iglesias@outlook.com
456,Teodosio,Lopez,3884863449,teodosio.z@yahoo.com
457,Bruno,Carcano,2608771673,
458,Artemio,Baranzini,2603106191,
459,Paula,Ruiz,3872369960,
460,German,Alterman,2602447440,g.alterman@broker.com
461,Florentino,Castro,3815045761,florentino.castro@hotmail.com
462,Elvira,Carbajal,3412029065,
463,Isidro,Cabral,3888321051,isidro.l@gmail.com
464,Esteban,Jarchum,3874537516,
465,Nazario,Barrera,3518806036,nazario.barrera@broker.com
466,Guillermo,Diaz,3875387155,g.diaz@yahoo.com
467,Fernando,Juarez,,fernando.juarez@broker.com
468,Damian,Druetta,3874198506,d.druetta@yahoo.com
469,Pablo,Vinia,3817072347,p.vinia@gmail.com
470,Mari angeles,Ramallo,1111227295,m.ramallo@hotmail.com
471,Milagros,Heredia,3417845304,milagros.heredia@broker.com
472,Bruno,Smania,3414616876,b.smania@broker.com
473,Maria de los Desamparados,Gabarro,1141255340,maria de los desamparados.gabarro@broker.com
474,Nieves,Nievas,,n.nievas@yahoo.com
475,Arturo,Gonzalez,3874049079,arturo.z@yahoo.com
476,Toribio,Uria,3819134080,toribio.a@outlook.com
477,Damaso,Luque,3419492141,damaso.luque@yahoo.com
478,Aitana,Gatica,1171850160,aitana.gatica@yahoo.com
479,Margarita,Vega,3875141280,margarita.vega@broker.com
480,Damaso,Sans,,damaso.s@gmail.com
481,Baldomero,Reynoso,3813393238,baldomero.o@broker.com
482,Maria Rosa,Silva,3516692148,maria rosa.a@outlook.com
483,Florentino,Chocobar,,florentino.r@outlook.com
484,Homero,Camanio,3886669454,homero.o@gmail.com
485,Maria Dolores,Gigena,3516026326,
486,Clara,Coronel,2609194253,
487,Maria del Rosario,Contrera,3517246899,maria del rosario.contrera@gmail.com
488,Aquilino,Luduenia,3877557873,aquilino.a@outlook.com
489,Antonia,Sarria,3517568114,
490,Anselmo,Casamassa,1164095066,anselmo.casamassa@hotmail.com
491,Silvia,Moyano,1181814442,s.moyano@hotmail.com
492,Clara,Perera,3519148334,clara.a@yahoo.com
493,Maximo,Esteban,3519719210,maximo.n@yahoo.com
494,Nieves,Gomez,3878908992,nieves.z@yahoo.com
495,Cirilo,Donemberg,3516710834,
496,Gemma,Brisa,3416283778,gemma.brisa@gmail.com
497,Aquilino,Venturino,3812036154,aquilino.venturino@yahoo.com
498,Julia,Luduenia,,julia.luduenia@gmail.com
499,Maria Belen,Farias,1166712166,maria belen.s@hotmail.com
500,Cirilo,Salman,3815528242,c.salman@yahoo.com
501,Adriana,Morales,1115716101,adriana.morales@hotmail.com
502,Consuelo,Cusa,,c.cusa@gmail.com
503,Casiano,Lopensino,2601587528,
504,Concepcion,Acopa,3814649502,
505,Ernesto,Ruffino,3412119748,ernesto.ruffino@yahoo.com
506,Berta,Martinez,3884348041,
507,Rodrigo,Rinaldi,3414570238,r.rinaldi@broker.com
508,Pablo,Pereyra,3413070311,pablo.pereyra@hotmail.com
509,Begona,Viotti,3817445752,begonia.i@outlook.com
510,Luis,Pereyra,2608792236,
511,Mariano,Digiovanni,3819818981,mariano.digiovanni@yahoo.com
512,Trinidad,Rodriguez,3877837565,trinidad.z@outlook.com
513,Martin,Muradas,3878173369,m.muradas@gmail.com
514,Enrique,Paz,,
515,Josefina,Bel,3888417140,j.bel@outlook.com
516,Cipriano,Bruera,3417614414,c.bruera@gmail.com
517,Inocencio,Asseph,3879141441,i.asseph@yahoo.com
518,Fernando,Dealesandro,3886510213,fernando.o@broker.com
519,Concepcion,Dovale,2607659679,concepcion.e@broker.com
520,Arsenio,Moreno,3889624842,a.moreno@outlook.com
521,Alipio,Altamirano,3419132282,alipio.altamirano@hotmail.com
522,Evaristo,Terradas,1152698480,evaristo.terradas@broker.com
523,Nestor,Ballesteros,1193015072,n.ballesteros@hotmail.com
524,Pilar,Jara,3815272520,p.jara@gmail.com
525,Sandra,Roster,3875446304,s.roster@outlook.com
526,Mari angeles,Prado,,
527,Teodoro,Cordoba,3811424659,teodoro.a@hotmail.com
528,Natalia,Guallanez,2602687331,
529,Aitana,Miranda,3881474237,
530,Amparo,Rivarola,3877820314,amparo.a@yahoo.com
531,Raimundo,Avellaneda,3816821564,
532,Inigo,Petrello,2603976195,iniigo.o@broker.com
533,Martin,Dinucci,3885944759,martin.dinucci@gmail.com
534,Begona,Fernandez,3419521741,begonia.fernandez@broker.com
535,Prospero,Canafoglia,3513809117,p.canafoglia@outlook.com
536,Rosario,Ribodino,2609083049,rosario.o@gmail.com
537,Maria del Mar,Gudinio,3519649017,maria del mar.o@yahoo.com
538,Maria del Mar,Bertolotto,,maria del mar.bertolotto@gmail.com
539,Gumersindo,Arizzi,1156903061,gumersindo.arizzi@outlook.com
540,Hugo,Cane,3414840169,h.cane@hotmail.com
541,angel,Salinas,1172253871,a.salinas@gmail.com
542,Mauricio,Kissling,3878688419,
543,Natalia,Aguero,3411784863,natalia.o@outlook.com
544,Lucia,Russo,3884730945,l.russo@gmail.com
545,Eva Maria,Palenque,3411933535,eva maria.e@yahoo.com
546,Maria Rosa,Ponce,3418488346,maria rosa.ponce@gmail.com
547,Maria Rosa,Ovejero,3512107503,
548,Felisa,Ferreyra,3516019274,f.ferreyra@yahoo.com
549,Remedios,Schiebel,3881684415,r.schiebel@outlook.com
550,Pablo,Hidalgo,2604708321,pablo.hidalgo@gmail.com
551,Lourdes,Diaz,,l.diaz@yahoo.com
552,Maria Rosa,Schaller,3519314858,maria rosa.r@yahoo.com
553,Evaristo,Martinez,3512590625,evaristo.z@hotmail.com
554,Hermenegildo,Zarate,3885078754,h.zarate@yahoo.com
555,Eulogio,Marianacci,3417445521,eulogio.marianacci@yahoo.com
556,Consuelo,Bustos,3414670360,c.bustos@gmail.com
557,Guillermo,Porcel,3811501094,guillermo.porcel@yahoo.com
558,Marcos,Capalbo,3873263282,
559,Cipriano,Pereira,3888261681,c.pereira@yahoo.com
560,Alberto,Ledesma,,alberto.a@broker.com
561,Aurelio,Wilhelmus,1187711872,aurelio.s@outlook.com
562,Amadeo,Herrera,1133954424,amadeo.herrera@hotmail.com
563,Fulgencio,Herrera,,
564,Rafaela,Soustal,1195008407,rafaela.soustal@outlook.com
565,Nestor,Cuello,3881358727,n.cuello@yahoo.com
566,Rafaela,Casas,1158607589,r.casas@hotmail.com
567,Braulio,Dominguez,,b.dominguez@outlook.com
568,Monica,Luque,3883561418,monica.luque@broker.com
569,Edelmiro,Rodriguez,3511925694,e.rodriguez@broker.com
570,Aurora,Gonzalez,3514409199,aurora.z@yahoo.com
571,Rafaela,Navarro,2601292693,
572,Nestor,Sanchez,3417622405,nestor.sanchez@gmail.com
573,Cayetano,Martinez,3413134746,c.martinez@broker.com
574,Leandro,Clipci,3513342881,l.clipci@hotmail.com
575,Estanislao,Peritec,3817956509,estanislao.c@broker.com
576,Concepcion,Danterre,,concepcion.e@yahoo.com
577,Claudio,Barrionuevo,3816149809,
578,Susana,Quintana,3814417918,susana.a@outlook.com
579,Octavio,Bedista,3874812739,octavio.a@yahoo.com
580,Sara,Franco,3811530778,sara.franco@yahoo.com
581,Pilar,Caballero,1152037921,p.caballero@outlook.com
582,Felipe,Gonzalez,2608217564,f.gonzalez@yahoo.com
583,Diego,Villareal,3514608206,diego.l@broker.com
584,Rocio,Sanchez,3513523589,
585,Damaso,Montes,,damaso.s@gmail.com
586,Lorena,Lavezzari,2605919176,
587,Anselmo,Irusta,3514027405,anselmo.irusta@gmail.com
588,Siro,Arganiaraz,2609288299,siro.z@gmail.com
589,Sandra,Moiso,,sandra.moiso@hotmail.com
590,Cecilia,Ataide,1192542164,cecilia.e@outlook.com
591,Prospero,Ojeda,1129361336,prospero.ojeda@outlook.com
592,Almudena,Ricci,3413626925,almudena.ricci@hotmail.com
593,Carlos,Quintanilla,2606441794,c.quintanilla@yahoo.com
594,Maria Jose,Fidelia,3415385004,maria jose.fidelia@yahoo.com
595,Carlos,Ramos,3883615629,
596,Fortunato,Felipetti,3412129827,f.felipetti@outlook.com
597,Margarita,Martinengo,,margarita.martinengo@outlook.com
598,Faustino,Ternansky,3874701769,faustino.y@outlook.com
599,Maria del Pilar,Monte,3887111636,
600,Encarnacion,Digiovanni,3887051282,encarnacion.i@yahoo.com
601,Jose,Aguirre,3518215468,j.aguirre@hotmail.com
602,Pilar,Robledo,3814760143,p.robledo@outlook.com
603,Nuria,Cejas,1185049762,nuria.s@outlook.com
604,Felipe,Jacovella,1174948529,felipe.jacovella@hotmail.com
605,Tomas,Braulta,3872764940,t.braulta@hotmail.com
606,Florentino,Martinez,3812162941,
607,Froilan,Francisconi,3516782485,f.francisconi@outlook.com
608,Mercedes,Giana,3811633535,mercedes.a@gmail.com
609,Eduardo,Lepori,1171719897,eduardo.i@yahoo.com
610,Froilan,Bosticco,3875386606,froilan.bosticco@hotmail.com
611,Benedicto,Pereira,3417757203,
612,Cecilia,Casasco,3879860077,cecilia.o@gmail.com
613,Bernabe,Primel,3873051190,bernabe.l@gmail.com
614,Mauricio,Ocaranza,1176014194,m.ocaranza@hotmail.com
615,Yolanda,Valdo,1186853284,yolanda.valdo@hotmail.com
616,Bernabe,Contreras,3817531521,bernabe.s@hotmail.com
617,Adrian,Vergania,3414483027,adrian.vergania@broker.com
618,Damian,Oca,3417018660,d.oca@gmail.com
619,Florentino,Buzzoni,3512563153,florentino.i@outlook.com
620,Nazario,Ferreira,,n.ferreira@yahoo.com
621,Isaac,Pedroso,3812957543,i.pedroso@outlook.com
622,Beatriz,Burguener,3411679294,beatriz.burguener@yahoo.com
623,Rafaela,Russo,,rafaela.o@hotmail.com
624,Tarsicio,Cuarati,3412170637,tarsicio.cuarati@broker.com
625,Claudio,Gomez,2605775840,
626,Ladislao,Buzzetti,3888499963,ladislao.i@broker.com
627,Mireia,Camara,3819242222,m.camara@hotmail.com
628,Veronica,Mieletta,3883453059,v.mieletta@broker.com
629,Margarita,Luna,1190991693,margarita.luna@hotmail.com
630,Maria Luisa,Moras,3815866884,maria luisa.s@broker.com
631,Josefa,Clavero,2604201470,
632,Ezequiel,Gil,3813985211,ezequiel.gil@yahoo.com
633,Maria Belen,Orts,3883305611,maria belen.s@broker.com
634,Florentino,Pardal,3873499971,florentino.pardal@broker.com
635,Monica,Lopez,,monica.z@outlook.com
636,Susana,Zallio,1121240318,susana.zallio@broker.com
637,Homero,Cervigni,3513959391,homero.cervigni@outlook.com
638,Maria Belen,Syngenta,2608912684,
639,Maria Paz,Connor,3414964464,maria paz.r@outlook.com
640,Concepcion,Laterra,3516561958,concepcion.a@gmail.com
641,alvaro,Quiroga,3882523415,alvaro.a@yahoo.com
642,Maria del Rocio,Pereyra,3881919262,m.pereyra@broker.com
643,Panfilo,Fernandez,3876135695,p.fernandez@yahoo.com
644,Lucia,Meier,,
645,Inigo,Martinez,3415371885,iniigo.z@gmail.com
646,Andres,Velez,3413739738,andres.velez@broker.com
647,Constantino,Petris,3871526983,constantino.petris@outlook.com
648,Ezequiel,Penko,,
649,Ambrosio,Bertone,3818392861,a.bertone@gmail.com
650,agueda,Rinaldini,3816937516,agueda.i@yahoo.com
651,Gemma,Mussetti,3413991003,g.mussetti@gmail.com
652,Manuel,Rodriguez,3818873602,m.rodriguez@outlook.com
653,Martires,Bertollini,3872238730,martires.i@yahoo.com
654,Veronica,Silcelo,3815298463,veronica.silcelo@outlook.com
655,Maria angeles,Castellaro,1150293959,maria angeles.o@yahoo.com
656,Faustino,Peralta,3517541549,f.peralta@broker.com
657,Joaquin,Tores,3873226970,joaquin.tores@hotmail.com
658,Lorenzo,Paez,,l.paez@outlook.com
659,Patricia,Vignetta,,patricia.vignetta@hotmail.com
660,Carlos,Bongiorno,3412215047,carlos.bongiorno@gmail.com
661,Elena,Abdon,1157177977,e.abdon@yahoo.com
662,Pedro,Pereyra,3413586205,p.pereyra@outlook.com
663,Anacleto,Moreno,1135766980,anacleto.o@yahoo.com
664,Clemente,Gatti,,
665,Anacleto,Roldan,3516425623,
666,Maria de los Desamparados,Rivadero,1192403094,
667,Noelia,Romanutti,,n.romanutti@hotmail.com
668,Sofia,Carnevale,1113699129,sofia.e@broker.com
669,Carmen,Anselmi,,
670,Alipio,Guerrero,1132469239,
671,Saturnino,Amuchastegui,3514705464,saturnino.i@broker.com
672,Epifanio,Luna,1194084040,epifanio.luna@yahoo.com
673,Estanislao,Sarmiento,2602237804,estanislao.sarmiento@yahoo.com
674,Marina,Gobbi,2607138610,marina.gobbi@broker.com
675,Benedicto,Ayupsa,3419624032,benedicto.ayupsa@outlook.com
676,Joaquin,Felicche,3418064454,joaquin.felicche@broker.com
677,Diego,Policia,3871693427,diego.policia@yahoo.com
678,Victor,Degiule,1114735008,victor.e@gmail.com
679,Isaias,Quijano,3886134588,isaias.o@broker.com
680,Juana,Magallanes,3512002739,juana.magallanes@gmail.com
681,Aurora,Kohmann,3815039013,
682,Evaristo,Villena,,
683,Maria Soledad,Lescano,,maria soledad.lescano@outlook.com
684,Jenaro,Badra,3415432987,jenaro.badra@outlook.com
685,Pedro,Matsuzaki,1119939600,p.matsuzaki@yahoo.com
686,Severo,Ponce,3517169637,severo.e@outlook.com
687,Maria de los Desamparados,Lepore,3812591229,maria de los desamparados.lepore@gmail.com
688,Samuel,Bustamante,3877699568,
689,Gilberto,Comba,3885791557,g.comba@gmail.com
690,Andres,Torres,3884645170,a.torres@yahoo.com
691,Evaristo,Villafanie,3816180762,e.villafanie@gmail.com
692,Natalia,Bullo,3875014751,
693,Guillermo,Casais,3812056425,guillermo.casais@gmail.com
694,Anastasio,Giamberardino,3871717858,a.giamberardino@hotmail.com
695,Purificacion,Montich,3882864651,purificacion.montich@broker.com
696,Guillermo,Acevedo,3515782844,
697,Gloria,Marquez,2605694669,
698,Purificacion,Dominguez,3518984414,purificacion.dominguez@yahoo.com
699,Sandra,Olmedo,3871926112,s.olmedo@gmail.com
700,Bernabe,Murua,2602721088,bernabe.murua@hotmail.com
701,oscar,Montes,2603199592,oscar.s@broker.com
702,Hipolito,Diaz,3881211627,
703,Belen,Delic,3813852873,belen.c@outlook.com
704,Carlos,Lobos,3881784190,carlos.s@yahoo.com
705,Homero,Bustos,3812781225,homero.s@yahoo.com
706,Epifanio,Leon,2602367093,e.leon@gmail.com
707,Isaac,Aguero,2602319059,i.aguero@gmail.com
708,Begona,Giomi,3512948508,begonia.i@broker.com
709,Ana,Murgia,3877518497,ana.a@yahoo.com
710,Maria Teresa,Yaniez,3879341604,
711,Abundio,Nicola,3819430898,
712,Constantino,Bustamante,3517980341,constantino.e@gmail.com
713,Roberto,Taborda,,r.taborda@hotmail.com
714,Eva Maria,Montilla,3414266558,eva maria.a@gmail.com
715,Lorenzo,Troncoso,,lorenzo.o@broker.com
716,Bartolome,Ramos,3879620190,bartolome.s@broker.com
717,Enrique,Mahuen,2607924706,enrique.n@gmail.com
718,Maria Soledad,Venecia,3417717440,maria soledad.venecia@gmail.com
719,Zacarias,Arias,3512482360,zacarias.arias@broker.com
720,Maria Jesus,Romero,3412448263,maria jesus.romero@broker.com
721,Elena,Garibaldi,2609399661,elena.garibaldi@hotmail.com
722,Susana,Gaitan,2608019997,s.gaitan@gmail.com
723,Aitana,Bertello,,a.bertello@hotmail.com
724,Ruperto,Trozzi,3818971483,
725,Juana,Bertolino,1123333882,j.bertolino@broker.com
726,Alfredo,Bustos,2609633937,alfredo.bustos@broker.com
727,Gerardo,Jorevchuck,2604240711,g.jorevchuck@hotmail.com
728,Jenaro,Zabala,,
729,Veronica,Sanchez,3417699257,v.sanchez@gmail.com
730,Primitivo,Salminis,3878173098,primitivo.s@gmail.com
731,Gonzalo,Coll,,g.coll@broker.com
732,Francisco,Garcia,3417506165,f.garcia@broker.com
733,Ramon,Folco,3419454691,r.folco@broker.com
734,Lourdes,Ihitsague,3878070480,lourdes.e@hotmail.com
735,Lourdes,Moyano,3816369719,lourdes.o@gmail.com
736,Pantaleon,Ansaldi,3518847963,pantaleon.ansaldi@hotmail.com
737,Rosa,Weber,1133658265,
738,Gaspar,Espinosa,,
739,Concepcion,Viera,1138461016,concepcion.a@hotmail.com
740,Cristobal,Amaya,,cristobal.amaya@hotmail.com
741,Hilario,Garzon,3889103107,
742,Braulio,Saire,,braulio.saire@broker.com
743,Gonzalo,Barranco,2605408096,
744,Prudencio,Casal,2606576503,prudencio.casal@yahoo.com
745,Eloy,Monte,,e.monte@yahoo.com
746,Maria de los Desamparados,Berardi,1198903007,maria de los desamparados.i@gmail.com
747,Maria Isabel,Vargas,,m.vargas@hotmail.com
748,Isaac,Michelotti,,i.michelotti@yahoo.com
749,Casiano,Oviedo,3413137481,
750,Ines,Luna,3871137879,ines.luna@gmail.com
751,Noelia,Medina,,noelia.a@gmail.com
752,Belen,Grosso,1179597093,
753,Lidia,Ventura,3815839109,lidia.a@hotmail.com
754,Ezequiel,Figueroa,1164978075,e.figueroa@yahoo.com
755,Ambrosio,Mateo,3881547863,a.mateo@hotmail.com
756,Cayetano,Sposito,3515628648,cayetano.o@broker.com
757,Julio,Alferi,3516517278,julio.i@gmail.com
758,Marta,Rossi,2608535389,
759,Samuel,Tejeda,1154846892,s.tejeda@gmail.com
760,Margarita,Forneris,1134534784,
761,Valentin,Farre,3889163229,
762,Maria Asuncion,Morillo,3887678821,maria asuncion.morillo@outlook.com
763,Lucia,Fonseca,3517167094,lucia.fonseca@yahoo.com
764,Samuel,Corbellini,2607713516,samuel.i@broker.com
765,Homero,Bazan,3872165665,homero.n@broker.com
766,Vespasiano,Pereyra,,vespasiano.a@hotmail.com
767,Dolores,Forrajes,3416158109,
768,Emilio,Manzanelli,2606375419,emilio.i@yahoo.com
769,Leopoldo,Caceres,3888979667,l.caceres@yahoo.com
770,Sonia,Moyano,2605786103,sonia.moyano@outlook.com
771,Rosendo,Paniale,,rosendo.paniale@gmail.com
772,Cristobal,Esquivel,2606312623,cristobal.l@outlook.com
773,Sergio,Tonini,,sergio.tonini@outlook.com
774,Felipe,Moyano,3511783135,f.moyano@gmail.com
775,Torcuato,Pagnone,3871190063,t.pagnone@gmail.com
776,Dionisio,Zavala,3877652075,d.zavala@gmail.com
777,Lidia,Reviglio,2606377418,l.reviglio@gmail.com
778,Valerio,Flexit,3889709626,valerio.t@hotmail.com
779,Leandro,Kompass,3418957497,leandro.kompass@gmail.com
780,Estanislao,Calegaris,3414924767,
781,Maria Dolores,Torres,3874547846,maria dolores.s@broker.com
782,Alonso,Rivero,3819395152,alonso.rivero@yahoo.com
783,Maria Elena,Hernandez,3811355347,
784,Evaristo,Pereyra,,e.pereyra@hotmail.com
785,Homero,Luque,1197958229,
786,Casiano,Santamarina,3815988139,c.santamarina@broker.com
787,angel,Pellizzer,3887084561,angel.pellizzer@yahoo.com
788,Maria Soledad,Liendo,3517343427,maria soledad.liendo@hotmail.com
789,Andres,Vicentin,3513860927,andres.vicentin@yahoo.com
790,Artemio,Castro,1113006871,artemio.castro@outlook.com
791,Josefa,Florida,3876798136,j.florida@broker.com
792,Lucia,Ortiz,3412677624,lucia.ortiz@broker.com
793,Remedios,Britos,3514901926,remedios.britos@outlook.com
794,Jose,Roig,3888221063,j.roig@yahoo.com
795,Julian,Tanquia,3511797078,j.tanquia@gmail.com
796,Bonifacio,Martinez,3419539222,bonifacio.z@broker.com
797,Inocencio,Vilchez,3414634920,inocencio.z@outlook.com
798,Maria Elena,Bustos,2603113944,maria elena.s@broker.com
799,Urbano,Videla,3875366699,urbano.videla@broker.com
800,Dolores,Ferraro,3876054855,dolores.ferraro@outlook.com
801,Primitivo,Berrondo,1141061665,p.berrondo@hotmail.com
802,Toribio,Barrionuevo,3812438621,toribio.o@outlook.com
803,Cristobal,Quinteros,2606189237,cristobal.quinteros@yahoo.com
804,Susana,Griffo,3816531067,
805,Bruno,Ledesma,3511252138,
806,Irene,Vallcaneras,3414596351,irene.vallcaneras@outlook.com
807,Alejandro,Amato,3818128209,alejandro.amato@yahoo.com
808,Maria de los Desamparados,Allende,1187974679,m.allende@broker.com
809,Luis,Hansen,3879589088,
810,Ruperto,Beltran,,
811,Nicolas,Maurigh,3416491580,nicolas.h@broker.com
812,Nazario,Cabello,2604921613,nazario.o@gmail.com
813,Fatima,Quevedo,3876630573,fatima.quevedo@hotmail.com
814,Rosendo,Lopez,,rosendo.lopez@yahoo.com
815,Noelia,Arias,3883571642,
816,Elena,Ipolito,3815502303,elena.ipolito@yahoo.com
817,Vespasiano,Bidahorria,,vespasiano.bidahorria@gmail.com
818,Milagros,Rosso,3415654805,milagros.o@yahoo.com
819,Carlos,Romero,2602891496,carlos.romero@gmail.com
820,Joaquin,Balderramo,3417743146,joaquin.balderramo@broker.com
821,Jenaro,Garcia,2602895804,jenaro.garcia@yahoo.com
822,Gabriel,Dondich,3411682213,g.dondich@gmail.com
823,Lidia,Ocania,,l.ocania@gmail.com
824,Consuelo,Castro,,consuelo.castro@gmail.com
825,Alberto,Vaccarini,3889884987,alberto.i@broker.com
826,Dionisio,Abdala,,
827,Diego,Miller,3815404959,diego.r@outlook.com
828,Consuelo,Jaime,3813612138,
829,Amancio,Gonzalez,1115222959,amancio.gonzalez@hotmail.com
830,Isabel,Della Costa,3813886974,i.della costa@yahoo.com
831,Mauricio,Olivera,3811218080,
832,Salvador,Collante,2607317684,s.collante@broker.com
833,Noelia,Storero,1185106238,noelia.o@yahoo.com
834,Amadeo,Oddone,3813867384,amadeo.oddone@outlook.com
835,Inmaculada,Dominguez,2607265011,inmaculada.dominguez@gmail.com
836,Maria del Carmen,Jaime,3418040753,
837,Sofia,Gorostiaga,3888248520,
838,Lucia,Barazzotto,3884739469,lucia.barazzotto@broker.com
839,Ambrosio,Graci,,ambrosio.graci@yahoo.com
840,Ernesto,Bravo,3817467484,e.bravo@hotmail.com
841,Procopio,Turco,3872829819,p.turco@gmail.com
842,Juan,Contrera,3516897224,juan.a@broker.com
843,Casiano,Velozo,3514149388,casiano.o@yahoo.com
844,Edelmiro,Morate,3418545838,
845,Ruperto,Galleguillo,3878705043,r.galleguillo@outlook.com
846,Esteban,Junco,3815652306,
847,Clemente,Molina,3416154798,
848,Andres,Perez,1142657825,andres.perez@gmail.com
849,Guillermo,Pietrani,3876690014,guillermo.i@hotmail.com
850,Juan,Beltramino,3816729365,juan.beltramino@broker.com
851,Leocadio,Paez,3412695633,leocadio.z@yahoo.com
852,Esteban,Britos,,esteban.britos@hotmail.com
853,Roberto,Cooper,3878815778,roberto.cooper@outlook.com
854,Constantino,Taborda,3875566092,
855,Constantino,Dean,3885123984,constantino.n@outlook.com
856,Susana,Bentancour,2602574391,s.bentancour@yahoo.com
857,Inocencio,Canseco,3516594082,inocencio.canseco@gmail.com
858,Prospero,Galindo,3512545835,prospero.galindo@yahoo.com
859,Gloria,Lopez,2602123211,gloria.lopez@outlook.com
860,Amadeo,Gonzalez,1194897331,amadeo.z@yahoo.com
861,Herminio,Galander,2603537249,
862,Josefa,Montenegro,3872168642,j.montenegro@yahoo.com
863,Lidia,Herrera,3874733188,lidia.a@yahoo.com
864,Amparo,Acevedo,3513343346,amparo.acevedo@yahoo.com
865,Fernando,Glass,3413916501,
866,Casimiro,Davila,3511523684,
867,Vicente,Farias,3886417052,
868,Veronica,Montoya,3511175599,v.montoya@yahoo.com
869,Procopio,Vela,2604952067,procopio.vela@gmail.com
870,Silvia,Arcari,3814424785,
871,Valeriano,Paez,3417481175,valeriano.z@gmail.com
872,Paula,Jabbour,,p.jabbour@gmail.com
873,Teresa,Serrano,3819052554,t.serrano@gmail.com
874,Raul,Moyano,3873708277,r.moyano@yahoo.com
875,Antonio,Carrizo,3885814948,a.carrizo@hotmail.com
876,Maria Elena,Garibaldi,3814231213,maria elena.i@outlook.com
877,Demetrio,Lasca,1160018561,demetrio.a@yahoo.com
878,Cirilo,Torrez,,cirilo.torrez@gmail.com
879,Arturo,Herrera,3878821518,arturo.herrera@hotmail.com
880,Marcos,De La Vega,3885239091,marcos.a@gmail.com
881,Pascual,Britos,3875472437,pascual.s@broker.com
882,oscar,Lucero,,oscar.lucero@outlook.com
883,Vicente,Funes,3871630754,vicente.s@gmail.com
884,Manuela,Uran,3419948235,manuela.uran@hotmail.com
885,Maria Dolores,Vizcarra,,m.vizcarra@gmail.com
886,Rocio,Lorenzatti,1153509006,
887,Inmaculada,Borselli,3515668750,i.borselli@broker.com
888,Miriam,Salba,3883106989,miriam.salba@gmail.com
889,Arturo,Pellegrino,3889114054,arturo.o@broker.com
890,Inigo,Racca,3519331748,iniigo.racca@outlook.com
891,Toribio,Abel,3886688368,toribio.l@gmail.com
892,Maria Teresa,Taborda,,m.taborda@gmail.com
893,Maria de la Concepcion,Fossi,3888665621,maria de la concepcion.fossi@yahoo.com
894,Eulogio,Aldao,2606791867,eulogio.aldao@outlook.com
895,Gloria,Allocco,3814655254,
896,Sebastian,Botta,3889476325,s.botta@yahoo.com
897,Adrian,Sabutu,3412499142,a.sabutu@hotmail.com
898,Alipio,Andrada,3417485021,alipio.a@broker.com
899,Filomeno,Gallelo,3874765669,filomeno.o@gmail.com
900,Policarpo,Medina,3817250496,policarpo.medina@yahoo.com
901,Maria Soledad,Bernardi,3876157432,maria soledad.bernardi@gmail.com
902,Alicia,Lopez,2604512330,alicia.z@gmail.com
903,Amancio,Soria,1118458832,amancio.a@yahoo.com
904,Nestor,Formigoni,3818998204,n.formigoni@yahoo.com
905,Roberto,Pittavino,1188128060,r.pittavino@gmail.com
906,Pilar,Liendo,3873383145,pilar.o@broker.com
907,Belen,Dellamea,3872312760,belen.dellamea@gmail.com
908,Carmen,Seratti,3415538680,carmen.i@outlook.com
909,Elisa,Gomez,3416537510,e.gomez@gmail.com
910,Andres,Frola,3878244132,a.frola@hotmail.com
911,Noelia,Funes,3413407589,n.funes@yahoo.com
912,Julia,Murisi,3519966314,
913,Antonio,Grospietro,3887079038,a.grospietro@yahoo.com
914,Maria Paz,Giayetto,3873713232,maria paz.giayetto@yahoo.com
915,Benedicto,Andrade,3514584274,benedicto.e@gmail.com
916,Ambrosio,Pompolo,3813872520,ambrosio.o@hotmail.com
917,Alfredo,Moese,3878221626,alfredo.e@hotmail.com
918,Honorato,Adib,3811611032,honorato.adib@outlook.com
919,Hilario,Sanchez,2607796266,hilario.sanchez@outlook.com
920,Benedicto,Cooper,3815173972,benedicto.cooper@outlook.com
921,Salustiano,Cofanelli,3412373023,salustiano.cofanelli@gmail.com
922,Nazario,Fulencia,3414381130,
923,Carmen,Conercita,3886802162,c.conercita@broker.com
924,Prospero,Costa,3882078352,p.costa@outlook.com
925,Hugo,Docimo,3417334622,hugo.o@outlook.com
926,Beatriz,Garcia,,beatriz.a@yahoo.com
927,Victoria,Seculin,1141537256,v.seculin@broker.com
928,Mercedes,Lares,3413997453,m.lares@broker.com
929,Patricia,Silva,3517624123,patricia.a@hotmail.com
930,Simon,Mothe,3889379709,s.mothe@outlook.com
931,Valerio,Aguirre,3881677857,valerio.aguirre@yahoo.com
932,Purificacion,De La Cruz,3411632171,p.de la cruz@yahoo.com
933,Inigo,Lagoria,1155354048,i.lagoria@broker.com
934,Ricardo,Liotta,1174675783,r.liotta@gmail.com
935,Aquilino,Forchino,3816246012,
936,Marcos,Flores,2609969704,marcos.flores@hotmail.com
937,Tarsicio,De Las Casas,3411151316,tarsicio.de las casas@hotmail.com
938,Maria Antonia,Munilla,3819385082,maria antonia.munilla@gmail.com
939,Rafaela,Gonzalez,1130983658,
940,Anselmo,Juarez,1147952864,anselmo.juarez@outlook.com
941,Aurelio,Rudy,3519891385,aurelio.y@gmail.com
942,Jesus,Ojeda,2602365445,
943,Claudio,Carranza,3418721913,c.carranza@yahoo.com
944,Antonio,Soria,3815124469,
945,Demetrio,Nasif,3875530172,demetrio.nasif@yahoo.com
946,Tarsicio,Dominguez,1130879844,tarsicio.dominguez@yahoo.com
947,Sofia,Heir,2605734832,sofia.r@hotmail.com
948,angel,Montagut,3511690279,angel.t@yahoo.com
949,Sara,Arguello,1138906073,
950,Arnulfo,Lino,3876608398,arnulfo.lino@hotmail.com
951,Pascual,Vigneira,2602903583,p.vigneira@broker.com
952,Pilar,Cena,2606147170,pilar.cena@broker.com
953,Miriam,Andrada,1176340113,miriam.a@outlook.com
954,Alejandra,Pignata,2602301858,alejandra.a@gmail.com
955,Miriam,Daghero,3512949914,miriam.daghero@broker.com
956,Prospero,Alba,3418146853,prospero.a@outlook.com
957,Eulogio,Rubiolo,3517350404,
958,Pio,Scaglia,3814521666,pio.scaglia@broker.com
959,Jacinto,Luna,,jacinto.a@broker.com
960,Cesar,Castro,3814964181,cesar.o@outlook.com
961,Carlos,Morales,1178802531,c.morales@hotmail.com
962,Cayetano,Tagliafico,3416954891,c.tagliafico@broker.com
963,Sergio,Mitri,3872008294,
964,Primitivo,Giampietro,,primitivo.o@outlook.com
965,Manuela,Machuca,3875447498,manuela.machuca@broker.com
966,Martires,Concha,3512012781,
967,Almudena,Escobedo,3884000063,almudena.o@hotmail.com
968,Ines,Lastra,3511444970,
969,Eduardo,Cosruora,3876104881,eduardo.cosruora@gmail.com
970,Paula,Cabanillas,2609790897,paula.cabanillas@hotmail.com
971,Antonio,Leoni,3412385760,antonio.i@hotmail.com
972,Hector,Ceballos,3418202909,hector.ceballos@broker.com
973,Bruno,Carpio,3813034104,bruno.o@broker.com
974,Cristina,Quiroga,,cristina.quiroga@broker.com
975,Maria angeles,Martinez,3414522265,m.martinez@outlook.com
976,Cirilo,Salina,,c.salina@hotmail.com
977,oscar,Tisera,,
978,Cristina,Figueroa,3877730767,
979,Estanislao,Robuffo,1151103239,e.robuffo@hotmail.com
980,Hermenegildo,Oviedo,2604232653,h.oviedo@yahoo.com
981,Adrian,Angelino,3872251256,a.angelino@outlook.com
982,Manuel,Sanguineti,3872281761,m.sanguineti@hotmail.com
983,Amancio,Trimarco,3416123172,amancio.o@outlook.com
984,Antonia,Morales,3886792943,antonia.s@gmail.com
985,alvaro,Ruiz,1188395225,
986,Rosario,Baistrocchi,3414326202,rosario.i@yahoo.com
987,Maria del Rocio,Igp Ingenieria,3889488853,
988,Ines,Castellanos,3516966836,
989,Arturo,Navarro,3811209334,arturo.navarro@yahoo.com
990,Salustiano,Robledo,3881333145,salustiano.robledo@gmail.com
991,Adalberto,Cabrera,3874868348,adalberto.a@yahoo.com
992,Teresa,Guzman,3411490736,teresa.n@hotmail.com
993,Hector,Laborero,2605629260,hector.laborero@outlook.com
994,Artemio,Faucher,2609014285,a.faucher@hotmail.com
995,Hugo,Figueroa,,hugo.figueroa@gmail.com
996,Carlos,Arguello,2609926541,carlos.o@broker.com
997,Yolanda,Baena,3516872105,
998,Eladio,Vicco,3877023430,eladio.o@gmail.com
999,Florentino,Ricciardi,2608133470,florentino.i@broker.com
1000,Nestor,Bulla,3881656732,nestor.bulla@hotmail.com
1001,Tomas,Nicolodi,3811404532,tomas.i@hotmail.com
1002,Consuelo,Navarro,3818792813,consuelo.o@broker.com
1003,Angustias,Zapata,3813300132,angustias.a@hotmail.com
1004,Inigo,Chabra,3412688102,
1005,Mariano,Marengo,3411200461,m.marengo@broker.com
1006,Cristobal,Sosa,3875724851,c.sosa@broker.com
1007,Samuel,Cabrera,3883809063,
1008,Lorena,Herrera,3882463280,lorena.herrera@yahoo.com
1009,Bernabe,Bauque,2607758979,bernabe.bauque@broker.com
1010,Damian,Velez,3417716895,d.velez@outlook.com
1011,Sara,Navarro,3511899132,
1012,Aurelio,Defays,3515374229,aurelio.s@hotmail.com
1013,Demetrio,Gornitz,2607166824,demetrio.z@gmail.com
1014,Gabriel,Baistrocchi,3818570382,gabriel.baistrocchi@hotmail.com
1015,Julio,Poloni,1158948245,julio.i@outlook.com
1016,Victor,Tavian,3886970700,victor.n@gmail.com
1017,Elvira,Moretti,,e.moretti@outlook.com
1018,Elvira,Dalessandro,3416330665,
1019,Secundino,Abraham,,s.abraham@hotmail.com
1020,Maria Jesus,Armando,,maria jesus.armando@outlook.com
1021,Dolores,Naranjo,2609440890,dolores.naranjo@yahoo.com
1022,Anacleto,Garcia,3514718518,a.garcia@gmail.com
1023,Nicolas,Setti,3873972651,nicolas.i@hotmail.com
1024,Clemente,Cesar,2601623775,clemente.cesar@broker.com
1025,Raimundo,Chayle,3817143312,
1026,Juan,Guevara,3415342572,j.guevara@gmail.com
1027,Anacleto,Toloza,3514524207,anacleto.toloza@gmail.com
1028,Maria de la Concepcion,Ciarcellutti,1150507210,m.ciarcellutti@yahoo.com
1029,Angustias,Jaime,3514077709,angustias.e@broker.com
1030,Rodrigo,Aizenberg,3886378122,
1031,Vespasiano,Ahumada,,vespasiano.ahumada@gmail.com
1032,Evaristo,Jimenez,2606690259,e.jimenez@hotmail.com
1033,Maria Rosa,Mur,,maria rosa.r@gmail.com
1034,Bonifacio,Sanchez,2608935847,bonifacio.z@yahoo.com
1035,Salustiano,Cabrera,,salustiano.a@gmail.com
1036,Rosa,Vialidad,1147682662,r.vialidad@gmail.com
1037,Filomeno,Castro,3884793619,filomeno.o@gmail.com
1038,Maria Paz,Perez,1195879171,maria paz.perez@gmail.com
1039,Hipolito,Mosquera,1130425822,hipolito.mosquera@gmail.com
1040,Aurelia,Mosse,2606526390,aurelia.mosse@hotmail.com
1041,Rodrigo,Ardu,3815699794,rodrigo.ardu@yahoo.com
1042,Froilan,Comba,2606079980,froilan.comba@yahoo.com
1043,Julian,Vargas,3813753681,julian.s@gmail.com
1044,Victoria,Andrea,3819766178,
1045,Margarita,Barrera,3812952978,margarita.a@gmail.com
1046,Sandra,Arroyo,3816790026,sandra.o@outlook.com
1047,Felisa,Garzon,,felisa.n@yahoo.com
1048,Apolonio,Lavaselli,3818746884,a.lavaselli@outlook.com
1049,Florencio,Celiz,2605499883,florencio.z@broker.com
1050,Adriana,Rojo,3888633291,adriana.o@outlook.com
1051,Maria Isabel,Lasagno,,m.lasagno@hotmail.com
1052,Nestor,De Miguel,3413556290,n.de miguel@broker.com
1053,Felisa,Urbaez,1156824321,felisa.z@broker.com
1054,Julio,Toledo,3515904777,julio.toledo@outlook.com
1055,Ernesto,Palacios,3518468118,
1056,Lidia,Tuninetti,3881195036,lidia.i@yahoo.com
1057,Edelmiro,Semprini,2603728639,edelmiro.i@broker.com
1058,Fernando,Chacho,3874495725,fernando.o@hotmail.com
1059,Maria del Valle,Vega,3875911771,maria del valle.a@yahoo.com
1060,Teresa,Tosolini,,teresa.tosolini@outlook.com
1061,Hector,Bustamante,3419604529,hector.bustamante@yahoo.com
1062,Manuel,Britos,2603051774,manuel.britos@outlook.com
1063,Casimiro,Mangupli,2602631806,casimiro.mangupli@outlook.com
1064,Urbano,Blazquez,3819970756,u.blazquez@yahoo.com
1065,Susana,Ortega,1173002066,s.ortega@broker.com
1066,Irene,Petroni,3411904294,i.petroni@broker.com
1067,Higinio,Medina,3885015958,
1068,Damian,Campos,3815104963,
1069,Manuela,Gimenez,1161090153,manuela.z@gmail.com
1070,Toribio,Banco,1153936378,toribio.o@outlook.com
1071,Teresa,Oliva,3511761445,teresa.oliva@gmail.com
1072,Simon,Tamanini,,s.tamanini@yahoo.com
1073,Joaquin,Chayguin,1160564289,joaquin.n@gmail.com
1074,Maria del Carmen,Soto,3517396088,maria del carmen.o@hotmail.com
1075,Maria del Pilar,Goldman,,maria del pilar.goldman@hotmail.com
1076,Maria Luisa,Gordillo,3411583517,maria luisa.o@broker.com
1077,Valerio,Multipazzo,3812282474,v.multipazzo@broker.com
1078,Alberto,Ross,3888957270,
1079,Secundino,Olivares,2609626827,s.olivares@yahoo.com
1080,Bernardo,Alvarez,3819623245,bernardo.z@hotmail.com
1081,Susana,Campos,3889177687,susana.campos@outlook.com
1082,Casiano,Barrientos,2603866568,
1083,Ambrosio,Arias,1148238642,a.arias@gmail.com
1084,Sergio,Strazzolini,3884863139,sergio.strazzolini@yahoo.com
1085,Mireia,Rojas,3887558643,m.rojas@outlook.com
1086,Maria Elena,Pamapa,,maria elena.pamapa@gmail.com
1087,Siro,Morel,,siro.morel@broker.com
1088,Inocencio,Vaca,3511548536,inocencio.a@broker.com
1089,Isidro,Guzman,1142877075,isidro.n@outlook.com
1090,Belen,Rufail,3815525255,belen.rufail@outlook.com
1091,Hugo,Martin,,h.martin@hotmail.com
1092,Damian,Moreno,3413444083,damian.o@yahoo.com
1093,Pilar,Ferigo,1185129240,pilar.o@hotmail.com
1094,Juana,Garcia,3871363272,juana.a@broker.com
1095,Maria de los angeles,Barriga,,maria de los angeles.barriga@broker.com
1096,Adriana,Dominguez,1136030161,adriana.dominguez@yahoo.com
1097,Prospero,Liendo,3889911345,p.liendo@yahoo.com
1098,Lucia,Vega,3887180240,
1099,Lorenzo,Depetris,,lorenzo.depetris@outlook.com
1100,Marta,Lizarraga,3419550895,marta.lizarraga@hotmail.com
1101,Maria del Pilar,Cortez,3513363752,m.cortez@broker.com
1102,Valerio,Martinez,,valerio.z@gmail.com
1103,Pablo,Garcia,3515200088,pablo.garcia@hotmail.com
1104,Remedios,Azcurra,,
1105,Milagros,Cisneros,3519869452,milagros.cisneros@broker.com
1106,Bonifacio,Yniiguez,3877663696,bonifacio.yniiguez@hotmail.com
1107,Hipolito,Cast,1175081643,
1108,Arnulfo,Aguero,3514081887,a.aguero@yahoo.com
1109,Teodoro,Bialet,3819475456,t.bialet@yahoo.com
1110,Teresa,Fernandez,3411727626,t.fernandez@hotmail.com
1111,Mercedes,Cara,3884075233,m.cara@hotmail.com
1112,Margarita,Delgado,1146337236,margarita.delgado@broker.com
1113,Alberico,Villarruel,2602912381,alberico.villarruel@gmail.com
1114,Gerardo,Martinotti,3419856354,gerardo.martinotti@hotmail.com
1115,Beltran,Rojas,3873136444,b.rojas@gmail.com
1116,Bernabe,Cejas,1188133470,b.cejas@broker.com
1117,Simon,Navarro,2605290618,s.navarro@hotmail.com
1118,Baldomero,Yud,2609063875,
1119,Eulogio,Maldonado,3519940436,
1120,Celia,Franciosi,3884148547,
1121,Carlos,Andreani,3887688280,carlos.i@broker.com
1122,Concepcion,Rosendo,2601685538,c.rosendo@yahoo.com
1123,Martires,Zenarola,2602087937,martires.zenarola@outlook.com
1124,Tomas,Navarro,,
1125,Salustiano,Vaira,3414774135,salustiano.vaira@broker.com
1126,Elvira,Bertoglio,3888617284,elvira.o@outlook.com
1127,Andres,Constancio,3882260531,a.constancio@yahoo.com
1128,Elvira,Diaz,3515171694,elvira.diaz@hotmail.com
1129,Martires,Ferreyra,3873818976,m.ferreyra@gmail.com
1130,Beatriz,Carrasco,,b.carrasco@broker.com
1131,Abundio,Fernandez,3874376674,abundio.z@broker.com
1132,Juan,Masias,3815520841,juan.masias@broker.com
1133,Hugo,Melica,2608303519,hugo.melica@yahoo.com
1134,Alberico,Salas,3879422852,alberico.s@yahoo.com
1135,Arsenio,Gomez,2606487445,arsenio.gomez@outlook.com
1136,angel,Valsagna,2604748798,a.valsagna@outlook.com
1137,Clemente,Martin,3816929559,clemente.martin@yahoo.com
1138,Ramon,Sosa,3814793274,r.sosa@broker.com
1139,Toribio,Perez,2609987275,
1140,Cayetano,Sirimarco,3518834043,cayetano.o@broker.com
1141,Enrique,Casado,,enrique.o@gmail.com
1142,Joaquin,Rivadero,3415993573,joaquin.rivadero@hotmail.com
1143,Sergio,Gilbert,3518408152,
1144,Ruperto,Martin,3517154189,r.martin@broker.com
1145,Bernabe,Mola,3884288071,bernabe.mola@hotmail.com
1146,Celia,Barrionuevo,3819271163,celia.o@broker.com
1147,Sebastian,Ortega,3519578022,sebastian.a@hotmail.com
1148,Benedicto,Coria,3414326184,
1149,Gemma,Arellano,3419386921,gemma.o@hotmail.com
1150,Maria del Pilar,Ellese,3888718562,maria del pilar.ellese@outlook.com
1151,Salvador,Caceres,1169974773,salvador.caceres@outlook.com
1152,Julia,Pedernera,2604397451,j.pedernera@outlook.com
1153,Alejandra,Pacciaroni,3819435560,a.pacciaroni@outlook.com
1154,Gemma,Pacciaroni,3873936973,
1155,Maria del Valle,Schiavi,,m.schiavi@outlook.com
1156,Anacleto,Nievas,3414024584,anacleto.s@hotmail.com
1157,Maria de la Concepcion,Rodriguez,1120087932,
1158,Rosalio,Melano,,
1159,Josefa,Herrera,3513647672,josefa.herrera@gmail.com
1160,Lidia,Perren,3812349111,lidia.n@broker.com
1161,Rosendo,Rivero,1197423550,r.rivero@gmail.com
1162,Elvira,Villegas,1134396793,elvira.villegas@outlook.com
1163,Antonia,Raga,3811780601,
1164,Manuela,Lallana,3418823502,m.lallana@broker.com
1165,Enrique,Marquez,1161536248,enrique.z@broker.com
1166,Esperanza,Arcondo,3886976862,esperanza.arcondo@gmail.com
1167,Nazario,Mesa,3415225768,n.mesa@hotmail.com
1168,Herminio,Ferrando,3817826543,herminio.o@broker.com
1169,Josefina,Rubiolo,3885621029,josefina.rubiolo@gmail.com
1170,Lorena,Altenburger,,lorena.altenburger@hotmail.com
1171,Felipe,Zurbriggen,2603441653,felipe.zurbriggen@outlook.com
1172,Elvira,Rizzotti,3881829459,elvira.i@broker.com
1173,Eulalio,Brombin,3889910832,eulalio.n@yahoo.com
1174,Florencio,Caceres,1133287449,florencio.caceres@broker.com
1175,Maria,Brizuela,3873511511,maria.a@gmail.com
1176,Zacarias,Martellono,,z.martellono@broker.com
1177,Elena,Martinez,1124446912,elena.z@yahoo.com
1178,Pedro,Carrizo,3883439431,pedro.carrizo@broker.com
1179,Gemma,Ledo,2607071054,g.ledo@outlook.com
1180,Faustino,Falletti,3874216247,faustino.falletti@broker.com
1181,Maria,Urban,1160139260,maria.n@hotmail.com
1182,Bruno,Labiuk,,bruno.k@outlook.com
1183,Higinio,Ghezan,,
1184,Nestor,Pizarro,3817711086,nestor.o@gmail.com
1185,Vicente,Zento,1115948256,vicente.o@broker.com
1186,Isaias,Luna,3886756490,isaias.a@outlook.com
1187,David,Mercado,3815971698,david.mercado@outlook.com
1188,Maria del Rosario,Aguirre,3877285257,maria del rosario.e@broker.com
1189,Francisco,Castro,3416307093,
1190,Juan,Darcusia,3513685169,j.darcusia@yahoo.com
1191,Inigo,Carrasco,3814244597,iniigo.o@broker.com
1192,Benedicto,Lopez,3514022100,benedicto.lopez@gmail.com
1193,Roberto,Gonzalez,2609037077,
1194,Pio,Diaz,3512052182,pio.z@yahoo.com
1195,Juana,Juncadella,2602970362,juana.juncadella@outlook.com
1196,Gonzalo,Cattaneo,3512108299,gonzalo.cattaneo@broker.com
1197,Rafael,Turello,3819734906,rafael.turello@yahoo.com
1198,Alberico,Tuzinkieviez,3817953753,alberico.tuzinkieviez@hotmail.com
1199,Prudencio,Rolon,3875390864,p.rolon@yahoo.com
1200,Cesar,Cardozo,,
1201,Hector,Servera,3875968742,
1202,Damian,Leones,3872727916,d.leones@gmail.com
1203,Noelia,Gallardo,3813785756,n.gallardo@hotmail.com
1204,Braulio,Urdampilleta,3818066437,b.urdampilleta@outlook.com
1205,Prospero,Galizia,3415504055,prospero.galizia@broker.com
1206,Eva,Marquez,3818764151,eva.z@gmail.com
1207,Amparo,Integral,3511542598,amparo.integral@outlook.com
1208,Claudio,Teknix,3417994363,c.teknix@yahoo.com
1209,Jose,Seery,3415170485,jose.y@outlook.com
1210,Alejandra,Salazar,,a.salazar@outlook.com
1211,Arturo,Aimone,3883489017,a.aimone@gmail.com
1212,Isaac,Alvarez,1119200779,
1213,Samuel,Vilchez,,samuel.vilchez@outlook.com
1214,Vicenta,Ibarra,3412994439,v.ibarra@outlook.com
1215,Urbano,Neise,3413895530,urbano.e@outlook.com
1216,Nuria,Rivadeneira,3415946598,nuria.rivadeneira@yahoo.com
1217,Fortunato,Zarate,1164027435,fortunato.zarate@yahoo.com
1218,Noelia,Hernandez,3519982486,n.hernandez@gmail.com
1219,Policarpo,Gomez,1196041279,
1220,Maria Isabel,Mansilla,3871954806,maria isabel.mansilla@outlook.com
1221,Emilio,Rojas,2602743236,emilio.s@broker.com
1222,Diego,Gonzalez,3883561768,diego.z@yahoo.com
1223,Belen,Gasparini,3815083401,belen.i@hotmail.com
1224,Torcuato,Palacios,3875069420,t.palacios@broker.com
1225,Alipio,Peralta,3885253035,alipio.a@gmail.com
1226,David,Tapia,3886868056,david.a@outlook.com
1227,Salustiano,Salas,3883041629,salustiano.salas@gmail.com
1228,Fabian,Blado,3884650568,fabian.blado@gmail.com
1229,Saturnino,Ferreyra,2603381572,
1230,Maria Dolores,Agazzani,2604420319,maria dolores.i@yahoo.com
1231,Jenaro,Molina,3517055100,jenaro.a@outlook.com
1232,Eulogio,Gioria,3882027631,eulogio.gioria@broker.com
