poliza_id,poliza_tipo,cobertura,asegurado
159974,C - cobertura total,100%,285
161336,C - cobertura total,100%,384
165590,C - cobertura total,100%,181
165878,C - cobertura total,100%,611
166819,C - cobertura total,100%,98
166957,C - cobertura total,100%,63
167543,C - cobertura total,100%,309
167559,C - cobertura total,100%,184
167697,C - cobertura total,100%,218
167724,C - cobertura total,100%,522
167812,C - cobertura total,100%,195
167986,C - cobertura total,100%,224
168037,C - cobertura total,100%,308
168116,C - cobertura total,100%,258
168219,C - cobertura total,100%,238
168442,C - cobertura total,100%,307
168632,C - cobertura total,100%,460
169000,C - cobertura total,100%,362
169005,C - cobertura total,100%,363
169207,C - cobertura total,100%,906
169253,C - cobertura total,100%,463
169296,C - cobertura total,100%,372
169429,C - cobertura total,100%,1091
169601,C - cobertura total,100%,434
169786,C - cobertura total,100%,459
170168,C - cobertura total,100%,523
170437,C - cobertura total,100%,1194
170746,C - cobertura total,100%,470
171183,C - cobertura total,100%,603
171273,C - cobertura total,100%,610
171546,C - cobertura total,100%,609
171644,C - cobertura total,100%,640
171951,C - cobertura total,100%,639
171991,C - cobertura total,100%,638
172089,C - cobertura total,100%,859
172594,C - cobertura total,100%,716
173319,C - cobertura total,100%,862
173879,C - cobertura total,100%,905
174054,C - cobertura total,100%,861
174288,C - cobertura total,100%,904
174347,C - cobertura total,100%,860
174989,C - cobertura total,100%,927
175712,C - cobertura total,100%,1000
175779,C - cobertura total,100%,999
175787,C - cobertura total,100%,998
175983,C - cobertura total,100%,1039
176225,C - cobertura total,100%,1089
176333,C - cobertura total,100%,1090
177128,C - cobertura total,100%,1146
177166,C - cobertura total,100%,1177
177194,C - cobertura total,100%,31
177242,C - cobertura total,100%,1176
177403,C - cobertura total,100%,1178
177584,C - cobertura total,100%,1216
178430,C - cobertura total,100%,513
178447,C - cobertura total,100%,223
178511,C - cobertura total,100%,301
178529,C - cobertura total,100%,302
178920,C - cobertura total,100%,608
178979,C - cobertura total,100%,514
179207,C - cobertura total,100%,455
179726,C - cobertura total,100%,604
179745,C - cobertura total,100%,767
180312,C - cobertura total,100%,833
180368,C - cobertura total,100%,888
180827,C - cobertura total,100%,959
181027,C - cobertura total,100%,1023
181697,C - cobertura total,100%,1193
416104,C - cobertura total,100%,727
441793,C - cobertura total,100%,355
445666,C - cobertura total,100%,390
513687,C - cobertura total,100%,1004
533172,C - cobertura total,100%,139
538000,C - cobertura total,100%,619
554755,C - cobertura total,100%,702
683513,C - cobertura total,100%,164
686457,C - cobertura total,100%,257
687525,C - cobertura total,100%,337
689539,C - cobertura total,100%,338
691055,C - cobertura total,100%,496
701996,C - cobertura total,100%,495
704848,C - cobertura total,100%,684
705509,C - cobertura total,100%,746
705830,C - cobertura total,100%,448
708895,C - cobertura total,100%,711
717364,C - cobertura total,100%,925
722789,C - cobertura total,100%,469
723115,C - cobertura total,100%,887
727684,C - cobertura total,100%,1065
736323,C - cobertura total,100%,1208
749536,C - cobertura total,100%,21
774593,C - cobertura total,100%,808
784386,C - cobertura total,100%,165
907867,C - cobertura total,100%,774
908598,C - cobertura total,100%,279
909392,C - cobertura total,100%,828
909452,C - cobertura total,100%,132
910077,C - cobertura total,100%,827
913099,C - cobertura total,100%,1214
914048,C - cobertura total,100%,62
916956,C - cobertura total,100%,221
917333,C - cobertura total,100%,1115
917866,C - cobertura total,100%,248
918199,C - cobertura total,100%,1144
918223,C - cobertura total,100%,1143
918736,C - cobertura total,100%,1142
919581,C - cobertura total,100%,600
920077,C - cobertura total,100%,29
920712,C - cobertura total,100%,699
922090,C - cobertura total,100%,601
922638,C - cobertura total,100%,714
923653,C - cobertura total,100%,1087
923882,C - cobertura total,100%,30
925108,C - cobertura total,100%,280
926417,C - cobertura total,100%,131
927017,C - cobertura total,100%,750
928307,C - cobertura total,100%,666
928695,C - cobertura total,100%,829
928925,C - cobertura total,100%,346
929473,C - cobertura total,100%,1192
930428,C - cobertura total,100%,665
930542,C - cobertura total,100%,408
930828,C - cobertura total,100%,662
931168,C - cobertura total,100%,663
931868,C - cobertura total,100%,247
932048,C - cobertura total,100%,602
932070,C - cobertura total,100%,510
932251,C - cobertura total,100%,700
932671,C - cobertura total,100%,664
932889,C - cobertura total,100%,511
932912,C - cobertura total,100%,992
934848,C - cobertura total,100%,1088
934885,C - cobertura total,100%,1174
1052244,C - cobertura total,100%,77
1108927,C - cobertura total,100%,668
1116652,C - cobertura total,100%,607
1117126,C - cobertura total,100%,411
1121248,C - cobertura total,100%,766
1123226,C - cobertura total,100%,183
1132670,C - cobertura total,100%,694
1145985,C - cobertura total,100%,306
1591578,C - cobertura total,100%,628
1595496,C - cobertura total,100%,738
1762218,C - cobertura total,100%,100
1776029,C - cobertura total,100%,409
1784533,C - cobertura total,100%,133
1844107,C - cobertura total,100%,605
1848459,C - cobertura total,100%,65
2096108,C - cobertura total,100%,149
2124704,C - cobertura total,100%,696
2127948,C - cobertura total,100%,86
2128778,C - cobertura total,100%,497
2129176,C - cobertura total,100%,500
2131338,C - cobertura total,100%,380
2132154,C - cobertura total,100%,652
2132158,C - cobertura total,100%,449
2132168,C - cobertura total,100%,498
2132386,C - cobertura total,100%,499
2133726,C - cobertura total,100%,582
2135666,C - cobertura total,100%,951
2136184,C - cobertura total,100%,809
2138268,C - cobertura total,100%,1081
2138642,C - cobertura total,100%,810
2142582,C - cobertura total,100%,1223
2143178,C - cobertura total,100%,1189
2197883,C - cobertura total,100%,150
2202044,C - cobertura total,100%,1036
2204137,C - cobertura total,100%,419
2212240,C - cobertura total,100%,637
2215077,C - cobertura total,100%,779
2218358,C - cobertura total,100%,675
2219868,C - cobertura total,100%,50
2224174,C - cobertura total,100%,208
2239420,C - cobertura total,100%,969
2242523,C - cobertura total,100%,1201
2245728,C - cobertura total,100%,676
2252008,C - cobertura total,100%,922
2253040,C - cobertura total,100%,1035
2253608,C - cobertura total,100%,693
2255886,C - cobertura total,100%,49
2256373,C - cobertura total,100%,923
2261888,C - cobertura total,100%,1185
2263611,C - cobertura total,100%,737
2268432,C - cobertura total,100%,420
2272910,C - cobertura total,100%,1104
2281878,C - cobertura total,100%,780
2291401,C - cobertura total,100%,295
2294628,C - cobertura total,100%,330
2294629,C - cobertura total,100%,677
2294630,C - cobertura total,100%,1184
2363002,C - cobertura total,100%,772
2371943,C - cobertura total,100%,771
2374687,C - cobertura total,100%,947
2386680,C - cobertura total,100%,1168
2391009,C - cobertura total,100%,757
2397769,C - cobertura total,100%,759
2401585,C - cobertura total,100%,984
2402624,C - cobertura total,100%,1206
2403235,C - cobertura total,100%,447
2405166,C - cobertura total,100%,1108
2412877,C - cobertura total,100%,799
2422355,C - cobertura total,100%,758
2444291,C - cobertura total,100%,471
2506768,C - cobertura total,100%,1028
2510675,C - cobertura total,100%,310
2520622,C - cobertura total,100%,723
2522543,C - cobertura total,100%,467
2522973,C - cobertura total,100%,389
2523603,C - cobertura total,100%,73
2534911,C - cobertura total,100%,852
2537912,C - cobertura total,100%,388
2538977,C - cobertura total,100%,550
2548822,C - cobertura total,100%,439
2559628,C - cobertura total,100%,630
2561988,C - cobertura total,100%,554
2564351,C - cobertura total,100%,438
2567339,C - cobertura total,100%,1100
2587850,C - cobertura total,100%,106
2594705,C - cobertura total,100%,967
2602572,C - cobertura total,100%,107
2607819,C - cobertura total,100%,552
2608568,C - cobertura total,100%,1061
2611085,C - cobertura total,100%,1101
2621313,C - cobertura total,100%,42
2624375,C - cobertura total,100%,1217
2627525,C - cobertura total,100%,553
2637486,C - cobertura total,100%,143
2639238,C - cobertura total,100%,549
2644173,C - cobertura total,100%,1062
2663663,C - cobertura total,100%,44
2665430,C - cobertura total,100%,1198
2671511,C - cobertura total,100%,1180
2682609,C - cobertura total,100%,1181
2684720,C - cobertura total,100%,311
2699293,C - cobertura total,100%,965
2699591,C - cobertura total,100%,46
2701059,C - cobertura total,100%,966
2704298,C - cobertura total,100%,1154
2705158,C - cobertura total,100%,551
2709846,C - cobertura total,100%,43
2711321,C - cobertura total,100%,146
2712124,C - cobertura total,100%,45
2715827,C - cobertura total,100%,255
2716676,C - cobertura total,100%,1182
2717926,C - cobertura total,100%,312
2730074,C - cobertura total,100%,105
2738384,C - cobertura total,100%,1231
2743768,C - cobertura total,100%,1026
2745097,C - cobertura total,100%,1102
2748957,C - cobertura total,100%,632
2749449,C - cobertura total,100%,1155
2749493,C - cobertura total,100%,1119
2750024,C - cobertura total,100%,142
2754437,C - cobertura total,100%,979
2765712,C - cobertura total,100%,631
2779578,C - cobertura total,100%,1153
2784321,C - cobertura total,100%,204
2784449,C - cobertura total,100%,203
2810411,C - cobertura total,100%,1025
2812661,C - cobertura total,100%,48
2813129,C - cobertura total,100%,877
2814201,C - cobertura total,100%,47
2816201,C - cobertura total,100%,74
2819873,C - cobertura total,100%,147
2819961,C - cobertura total,100%,148
2820613,C - cobertura total,100%,202
2822561,C - cobertura total,100%,239
2824461,C - cobertura total,100%,240
2824811,C - cobertura total,100%,778
2825030,C - cobertura total,100%,1027
2825393,C - cobertura total,100%,293
2826901,C - cobertura total,100%,256
2830186,C - cobertura total,100%,205
2830551,C - cobertura total,100%,294
2831031,C - cobertura total,100%,329
2832222,C - cobertura total,100%,418
2833771,C - cobertura total,100%,354
2837481,C - cobertura total,100%,468
2839341,C - cobertura total,100%,292
2842011,C - cobertura total,100%,635
2842351,C - cobertura total,100%,558
2846191,C - cobertura total,100%,559
2846741,C - cobertura total,100%,633
2847221,C - cobertura total,100%,560
2847861,C - cobertura total,100%,636
2849111,C - cobertura total,100%,769
2852422,C - cobertura total,100%,634
2856601,C - cobertura total,100%,674
2860591,C - cobertura total,100%,1034
2862102,C - cobertura total,100%,725
2863071,C - cobertura total,100%,753
2868961,C - cobertura total,100%,854
2870131,C - cobertura total,100%,1031
2873791,C - cobertura total,100%,856
2873951,C - cobertura total,100%,855
2875292,C - cobertura total,100%,968
2877141,C - cobertura total,100%,921
2884521,C - cobertura total,100%,981
2885301,C - cobertura total,100%,980
2885952,C - cobertura total,100%,1032
2887701,C - cobertura total,100%,1033
2888571,C - cobertura total,100%,1064
2889241,C - cobertura total,100%,1063
2894832,C - cobertura total,100%,1158
2895561,C - cobertura total,100%,1183
2899081,C - cobertura total,100%,1200
2899131,C - cobertura total,100%,1232
3593953,C - cobertura total,100%,219
3607601,C - cobertura total,100%,763
3612176,C - cobertura total,100%,24
3615798,C - cobertura total,100%,87
3618078,C - cobertura total,100%,747
3624175,C - cobertura total,100%,220
3626388,C - cobertura total,100%,1049
3686168,C - cobertura total,100%,458
3745961,C - cobertura total,100%,518
3753082,C - cobertura total,100%,903
3764942,C - cobertura total,100%,521
3764944,C - cobertura total,100%,776
3768510,C - cobertura total,100%,430
3772152,C - cobertura total,100%,303
3784731,C - cobertura total,100%,323
3790005,C - cobertura total,100%,751
3797963,C - cobertura total,100%,517
3804400,C - cobertura total,100%,429
3815988,C - cobertura total,100%,182
3821559,C - cobertura total,100%,32
3827975,C - cobertura total,100%,284
3836812,C - cobertura total,100%,456
3841587,C - cobertura total,100%,516
3864243,C - cobertura total,100%,305
3869526,C - cobertura total,100%,520
3884102,C - cobertura total,100%,901
3886953,C - cobertura total,100%,410
3895054,C - cobertura total,100%,1175
3902687,C - cobertura total,100%,1010
3917771,C - cobertura total,100%,304
3921541,C - cobertura total,100%,958
3925383,C - cobertura total,100%,283
3930840,C - cobertura total,100%,347
3945582,C - cobertura total,100%,33
3947806,C - cobertura total,100%,222
3956749,C - cobertura total,100%,457
3959962,C - cobertura total,100%,324
3963348,C - cobertura total,100%,515
3964877,C - cobertura total,100%,902
3965581,C - cobertura total,100%,667
3986494,C - cobertura total,100%,606
3987588,C - cobertura total,100%,519
4008987,C - cobertura total,100%,1227
4075461,C - cobertura total,100%,563
4115951,C - cobertura total,100%,562
4392691,C - cobertura total,100%,1106
4617991,C - cobertura total,100%,53
4632016,C - cobertura total,100%,1074
4636070,C - cobertura total,100%,647
4665725,C - cobertura total,100%,760
4671608,C - cobertura total,100%,800
4709039,C - cobertura total,100%,801
4718147,C - cobertura total,100%,975
4718540,C - cobertura total,100%,948
5259821,C - cobertura total,100%,781
5284004,C - cobertura total,100%,194
5398474,C - cobertura total,100%,40
5409534,C - cobertura total,100%,620
5420174,C - cobertura total,100%,289
5421714,C - cobertura total,100%,104
5432584,C - cobertura total,100%,539
5451134,C - cobertura total,100%,1117
5504904,C - cobertura total,100%,1118
7037639,C - cobertura total,100%,621
7343796,C - cobertura total,100%,64
7399240,C - cobertura total,100%,99
7404389,C - cobertura total,100%,599
7443450,C - cobertura total,100%,900
7453437,C - cobertura total,100%,282
7453440,C - cobertura total,100%,281
7462013,C - cobertura total,100%,832
7514695,C - cobertura total,100%,926
7544334,C - cobertura total,100%,512
7548861,C - cobertura total,100%,831
7550230,C - cobertura total,100%,775
7576298,C - cobertura total,100%,1145
7581284,C - cobertura total,100%,830
7600567,C - cobertura total,100%,1022
7697632,C - cobertura total,100%,407
7698354,C - cobertura total,100%,596
7733131,C - cobertura total,100%,345
7734447,C - cobertura total,100%,598
7744486,C - cobertura total,100%,660
7745122,C - cobertura total,100%,383
7747622,C - cobertura total,100%,454
7765435,C - cobertura total,100%,344
7767835,C - cobertura total,100%,508
7769518,C - cobertura total,100%,361
7783062,C - cobertura total,100%,509
7783334,C - cobertura total,100%,824
7789123,C - cobertura total,100%,899
7797247,C - cobertura total,100%,825
7801385,C - cobertura total,100%,278
7801625,C - cobertura total,100%,661
7817429,C - cobertura total,100%,1021
7822849,C - cobertura total,100%,1114
7824926,C - cobertura total,100%,597
7831244,C - cobertura total,100%,97
7839859,C - cobertura total,100%,382
7843722,C - cobertura total,100%,826
7847641,B - terceros completo,90%,1226
7863295,C - cobertura total,100%,1173
7865152,C - cobertura total,100%,322
7884029,C - cobertura total,100%,765
7910576,C - cobertura total,100%,1113
8593462,C - cobertura total,100%,400
8654896,C - cobertura total,100%,436
8735464,C - cobertura total,100%,1001
8805348,C - cobertura total,100%,375
8852816,C - cobertura total,100%,1097
8902726,C - cobertura total,100%,1228
8906566,C - cobertura total,100%,367
8907223,C - cobertura total,100%,971
8907511,C - cobertura total,100%,623
8908189,C - cobertura total,100%,465
8909523,C - cobertura total,100%,726
8910746,C - cobertura total,100%,370
8912832,C - cobertura total,100%,864
8912999,C - cobertura total,100%,364
8915172,C - cobertura total,100%,915
8915597,C - cobertura total,100%,722
8920163,C - cobertura total,100%,868
8920893,C - cobertura total,100%,1003
8926724,C - cobertura total,100%,366
8927265,C - cobertura total,100%,141
8927642,C - cobertura total,100%,872
8931389,C - cobertura total,100%,625
8933566,C - cobertura total,100%,540
8938308,C - cobertura total,100%,71
8942191,C - cobertura total,100%,365
8942660,C - cobertura total,100%,730
8943473,C - cobertura total,100%,353
8950147,C - cobertura total,100%,548
8952913,C - cobertura total,100%,544
8954758,C - cobertura total,100%,1098
8956092,C - cobertura total,100%,1079
8956517,C - cobertura total,100%,464
8957530,C - cobertura total,100%,547
8960112,C - cobertura total,100%,198
8961359,C - cobertura total,100%,916
8961900,C - cobertura total,100%,644
8962625,C - cobertura total,100%,695
8963187,C - cobertura total,100%,291
8963217,C - cobertura total,100%,1197
8963365,C - cobertura total,100%,492
8963726,C - cobertura total,100%,627
8968578,C - cobertura total,100%,68
8970284,C - cobertura total,100%,85
8971279,C - cobertura total,100%,494
8973687,C - cobertura total,100%,163
8974474,C - cobertura total,100%,374
8979741,C - cobertura total,100%,886
8980462,C - cobertura total,100%,414
8980879,C - cobertura total,100%,626
8988664,C - cobertura total,100%,493
8988842,C - cobertura total,100%,806
8990430,C - cobertura total,100%,84
8992974,C - cobertura total,100%,931
8996916,C - cobertura total,100%,1080
8999912,C - cobertura total,100%,875
9000980,C - cobertura total,100%,950
9001571,C - cobertura total,100%,20
9003348,C - cobertura total,100%,581
9003572,C - cobertura total,100%,651
9004021,C - cobertura total,100%,121
9004109,C - cobertura total,100%,720
9004120,C - cobertura total,100%,200
9004483,C - cobertura total,100%,869
9006211,C - cobertura total,100%,1040
9006733,C - cobertura total,100%,1135
9007082,C - cobertura total,100%,930
9007408,C - cobertura total,100%,933
9009703,C - cobertura total,100%,807
9013437,C - cobertura total,100%,415
9013524,C - cobertura total,100%,641
9015771,C - cobertura total,100%,140
9019978,C - cobertura total,100%,70
9022201,C - cobertura total,100%,624
9022369,C - cobertura total,100%,874
9029759,C - cobertura total,100%,721
9030281,C - cobertura total,100%,739
9030509,C - cobertura total,100%,197
9032997,C - cobertura total,100%,1002
9047995,C - cobertura total,100%,196
9054018,C - cobertura total,100%,437
9054346,C - cobertura total,100%,416
9061422,C - cobertura total,100%,413
9062817,C - cobertura total,100%,546
9068289,C - cobertura total,100%,251
9072351,C - cobertura total,100%,352
9074268,C - cobertura total,100%,69
9076817,C - cobertura total,100%,542
9077050,C - cobertura total,100%,692
9078135,C - cobertura total,100%,642
9079817,C - cobertura total,100%,917
9084192,C - cobertura total,100%,466
9087430,C - cobertura total,100%,543
9092504,C - cobertura total,100%,870
9095390,C - cobertura total,100%,914
9099342,C - cobertura total,100%,368
9102614,C - cobertura total,100%,259
9107749,C - cobertura total,100%,253
9109610,C - cobertura total,100%,72
9110306,C - cobertura total,100%,199
9112847,C - cobertura total,100%,1041
9113691,C - cobertura total,100%,932
9114852,C - cobertura total,100%,236
9115242,C - cobertura total,100%,691
9121756,C - cobertura total,100%,235
9130234,C - cobertura total,100%,865
9130692,C - cobertura total,100%,1230
9138328,C - cobertura total,100%,928
9138699,C - cobertura total,100%,919
9142690,C - cobertura total,100%,234
9144544,C - cobertura total,100%,260
9145206,C - cobertura total,100%,629
9146719,C - cobertura total,100%,643
9147164,C - cobertura total,100%,254
9156196,C - cobertura total,100%,417
9162155,C - cobertura total,100%,252
9163948,C - cobertura total,100%,541
9167783,C - cobertura total,100%,41
9168021,C - cobertura total,100%,1229
9169402,C - cobertura total,100%,871
9171116,C - cobertura total,100%,866
9174133,C - cobertura total,100%,918
9175096,C - cobertura total,100%,1099
9180819,C - cobertura total,100%,754
9186432,C - cobertura total,100%,201
9187032,C - cobertura total,100%,237
9194795,C - cobertura total,100%,972
9194975,C - cobertura total,100%,873
9195049,C - cobertura total,100%,622
9196479,C - cobertura total,100%,867
9196862,C - cobertura total,100%,545
9196950,C - cobertura total,100%,435
9198126,C - cobertura total,100%,1096
9198642,C - cobertura total,100%,290
9256463,C - cobertura total,100%,369
9302884,C - cobertura total,100%,373
9312850,C - cobertura total,100%,876
9359920,C - cobertura total,100%,929
9390825,C - cobertura total,100%,1095
10172503,C - cobertura total,100%,717
10174492,C - cobertura total,100%,863
10177451,C - cobertura total,100%,1195
10178946,C - cobertura total,100%,385
10179040,C - cobertura total,100%,612
10179106,C - cobertura total,100%,461
10180641,C - cobertura total,100%,834
10403312,C - cobertura total,100%,564
10422311,C - cobertura total,100%,186
10452051,C - cobertura total,100%,185
10475709,C - cobertura total,100%,101
10583111,C - cobertura total,100%,1188
10590811,C - cobertura total,100%,936
10714604,C - cobertura total,100%,81
10777205,C - cobertura total,100%,1070
10825802,C - cobertura total,100%,479
11313127,C - cobertura total,100%,348
11449279,C - cobertura total,100%,1215
11701814,C - cobertura total,100%,715
12079486,C - cobertura total,100%,853
12143526,C - cobertura total,100%,556
12458965,C - cobertura total,100%,207
12501659,C - cobertura total,100%,1156
12542857,C - cobertura total,100%,108
12559330,C - cobertura total,100%,1030
12572838,C - cobertura total,100%,1103
12572946,C - cobertura total,100%,109
12630571,C - cobertura total,100%,145
12639572,C - cobertura total,100%,206
12640174,C - cobertura total,100%,555
12640275,C - cobertura total,100%,313
12651439,C - cobertura total,100%,724
12659174,C - cobertura total,100%,703
12710266,C - cobertura total,100%,144
12741546,C - cobertura total,100%,1199
12756486,C - cobertura total,100%,920
12799213,C - cobertura total,100%,736
12938562,C - cobertura total,100%,1029
12960806,C - cobertura total,100%,1157
12968316,C - cobertura total,100%,557
13958810,C - cobertura total,100%,51
14021615,C - cobertura total,100%,23
14022200,C - cobertura total,100%,889
14029263,C - cobertura total,100%,1011
14056788,C - cobertura total,100%,22
14056868,C - cobertura total,100%,1136
14065673,C - cobertura total,100%,167
14068340,C - cobertura total,100%,761
14078635,C - cobertura total,100%,773
14086880,C - cobertura total,100%,59
14104559,C - cobertura total,100%,731
14107049,C - cobertura total,100%,57
14116907,C - cobertura total,100%,1048
14124348,C - cobertura total,100%,122
14125362,C - cobertura total,100%,168
14128512,C - cobertura total,100%,123
14128845,C - cobertura total,100%,58
14130551,C - cobertura total,100%,685
14144104,C - cobertura total,100%,952
14147903,C - cobertura total,100%,653
14161665,C - cobertura total,100%,1209
14519802,C - cobertura total,100%,478
14702667,C - cobertura total,100%,762
15237196,C - cobertura total,100%,340
15245665,C - cobertura total,100%,339
15246337,C - cobertura total,100%,166
15861411,C - cobertura total,100%,1219
16045309,C - cobertura total,100%,210
16378906,C - cobertura total,100%,567
16977524,C - cobertura total,100%,401
17688709,C - cobertura total,100%,857
17957211,C - cobertura total,100%,740
18073312,C - cobertura total,100%,262
18153308,C - cobertura total,100%,1037
18228106,C - cobertura total,100%,151
18734505,C - cobertura total,100%,783
18849107,C - cobertura total,100%,974
18999202,C - cobertura total,100%,679
19213104,C - cobertura total,100%,76
19810912,C - cobertura total,100%,474
19836612,C - cobertura total,100%,476
19914011,C - cobertura total,100%,396
19915110,C - cobertura total,100%,115
20020603,C - cobertura total,100%,561
20104110,C - cobertura total,100%,728
20105811,C - cobertura total,100%,1123
20116109,C - cobertura total,100%,9
20243411,C - cobertura total,100%,1205
20490508,C - cobertura total,100%,1126
20536806,C - cobertura total,100%,568
20590301,C - cobertura total,100%,442
20599904,C - cobertura total,100%,52
20679303,C - cobertura total,100%,79
20734603,C - cobertura total,100%,1124
20797902,C - cobertura total,100%,297
20818303,C - cobertura total,100%,266
20819105,C - cobertura total,100%,997
20821303,C - cobertura total,100%,755
20831203,C - cobertura total,100%,314
20833004,C - cobertura total,100%,796
20844404,C - cobertura total,100%,1071
20903912,C - cobertura total,100%,357
20983301,C - cobertura total,100%,111
20985001,C - cobertura total,100%,485
21042001,C - cobertura total,100%,570
21067301,C - cobertura total,100%,973
21084910,C - cobertura total,100%,5
21113101,C - cobertura total,100%,786
21135501,C - cobertura total,100%,790
21137312,C - cobertura total,100%,1161
21235810,C - cobertura total,100%,441
21390104,C - cobertura total,100%,1120
21413312,C - cobertura total,100%,939
21501201,C - cobertura total,100%,1006
21520710,C - cobertura total,100%,1163
21660908,C - cobertura total,100%,797
21679801,C - cobertura total,100%,75
21942906,C - cobertura total,100%,473
21962305,C - cobertura total,100%,1005
22006804,C - cobertura total,100%,784
22228701,C - cobertura total,100%,209
22276601,C - cobertura total,100%,680
22300001,C - cobertura total,100%,1107
22480004,C - cobertura total,100%,1038
22872402,C - cobertura total,100%,924
23246101,C - cobertura total,100%,858
24809802,C - cobertura total,100%,1218
25021402,C - cobertura total,100%,1159
25070301,C - cobertura total,100%,1160
25263103,C - cobertura total,100%,787
25543802,C - cobertura total,100%,1105
25662211,C - cobertura total,100%,571
28275012,C - cobertura total,100%,704
30045741,C - cobertura total,100%,944
31177587,C - cobertura total,100%,161
31238839,C - cobertura total,100%,15
31284042,C - cobertura total,100%,19
31308594,C - cobertura total,100%,1222
31322999,C - cobertura total,100%,18
31374505,C - cobertura total,100%,575
31382836,C - cobertura total,100%,422
31386970,C - cobertura total,100%,423
31391412,C - cobertura total,100%,710
31399320,C - cobertura total,100%,162
31404389,C - cobertura total,100%,745
31405873,C - cobertura total,100%,1133
31411374,C - cobertura total,100%,217
31412043,C - cobertura total,100%,1169
31412208,C - cobertura total,100%,160
31412263,C - cobertura total,100%,379
31413039,C - cobertura total,100%,487
31413926,C - cobertura total,100%,1077
31420009,C - cobertura total,100%,576
31430311,C - cobertura total,100%,216
31435829,C - cobertura total,100%,55
31436874,C - cobertura total,100%,650
31437930,C - cobertura total,100%,1134
31440456,C - cobertura total,100%,54
31444026,C - cobertura total,100%,489
31445222,C - cobertura total,100%,83
31448914,C - cobertura total,100%,709
31453481,C - cobertura total,100%,1131
31454656,C - cobertura total,100%,577
31460063,C - cobertura total,100%,804
31472632,C - cobertura total,100%,120
31474455,C - cobertura total,100%,16
31476760,C - cobertura total,100%,300
31480228,C - cobertura total,100%,17
31482204,C - cobertura total,100%,215
31482344,C - cobertura total,100%,729
31483626,C - cobertura total,100%,683
31490818,C - cobertura total,100%,398
31495387,C - cobertura total,100%,802
31496491,C - cobertura total,100%,336
31497698,C - cobertura total,100%,316
31498675,C - cobertura total,100%,648
31499301,C - cobertura total,100%,1076
31499907,C - cobertura total,100%,269
31500297,C - cobertura total,100%,580
31502133,C - cobertura total,100%,649
31502828,C - cobertura total,100%,578
31504272,C - cobertura total,100%,488
31506520,C - cobertura total,100%,399
31511293,C - cobertura total,100%,579
31514512,C - cobertura total,100%,82
31514957,C - cobertura total,100%,1078
31515816,C - cobertura total,100%,491
31517828,C - cobertura total,100%,119
31519338,C - cobertura total,100%,949
31520639,C - cobertura total,100%,268
31523653,C - cobertura total,100%,299
31524712,C - cobertura total,100%,490
31525480,C - cobertura total,100%,1109
31526850,C - cobertura total,100%,270
31537693,C - cobertura total,100%,744
31545496,C - cobertura total,100%,1047
31553308,C - cobertura total,100%,805
31554503,C - cobertura total,100%,803
31583350,C - cobertura total,100%,1171
31595584,C - cobertura total,100%,1207
31597113,C - cobertura total,100%,1009
31633674,C - cobertura total,100%,378
31662327,C - cobertura total,100%,574
31669940,C - cobertura total,100%,118
31713100,C - cobertura total,100%,56
31717202,C - cobertura total,100%,1075
31723475,C - cobertura total,100%,743
31729857,C - cobertura total,100%,985
31738579,C - cobertura total,100%,1170
31738836,C - cobertura total,100%,359
32388143,C - cobertura total,100%,1132
33423010,C - cobertura total,100%,3
33517006,C - cobertura total,100%,1043
34494704,C - cobertura total,100%,566
34939801,C - cobertura total,100%,261
36304291,C - cobertura total,100%,1066
36836448,C - cobertura total,100%,129
37297017,C - cobertura total,100%,1162
40823742,B - terceros completo,90%,537
40884892,C - cobertura total,100%,525
41459012,C - cobertura total,100%,116
41866034,C - cobertura total,100%,565
43878212,C - cobertura total,100%,440
46438511,C - cobertura total,100%,2
46606009,C - cobertura total,100%,486
46884306,C - cobertura total,100%,156
47172788,C - cobertura total,100%,970
49914098,C - cobertura total,100%,907
52671612,C - cobertura total,100%,791
52881012,C - cobertura total,100%,153
52980889,C - cobertura total,100%,225
53047911,C - cobertura total,100%,982
53397612,C - cobertura total,100%,11
53528612,C - cobertura total,100%,298
53540412,C - cobertura total,100%,395
53738811,C - cobertura total,100%,114
53738812,B - terceros completo,90%,152
53806410,C - cobertura total,100%,13
53879611,C - cobertura total,100%,110
54081412,C - cobertura total,100%,444
54179014,C - cobertura total,100%,1045
54191811,C - cobertura total,100%,646
54214015,C - cobertura total,100%,1121
54284211,C - cobertura total,100%,391
54393511,C - cobertura total,100%,742
54426409,C - cobertura total,100%,8
54495108,C - cobertura total,100%,645
54580110,C - cobertura total,100%,393
54594211,C - cobertura total,100%,421
54605411,C - cobertura total,100%,782
54618310,C - cobertura total,100%,572
54724611,C - cobertura total,100%,472
54747312,C - cobertura total,100%,1067
54763982,C - cobertura total,100%,1112
54767308,C - cobertura total,100%,7
54983892,C - cobertura total,100%,592
55024509,C - cobertura total,100%,12
55103911,C - cobertura total,100%,1128
55116504,C - cobertura total,100%,443
55182008,C - cobertura total,100%,155
55217810,C - cobertura total,100%,1044
55288809,C - cobertura total,100%,481
55413803,C - cobertura total,100%,267
55433307,C - cobertura total,100%,1
55480309,C - cobertura total,100%,117
55562770,C - cobertura total,100%,991
55622108,C - cobertura total,100%,335
55762707,C - cobertura total,100%,158
55826287,C - cobertura total,100%,893
55897599,C - cobertura total,100%,1172
55943131,C - cobertura total,100%,687
55969408,C - cobertura total,100%,377
55969709,C - cobertura total,100%,1166
55972909,C - cobertura total,100%,938
55977255,C - cobertura total,100%,178
56043107,C - cobertura total,100%,241
56097806,C - cobertura total,100%,756
56106108,C - cobertura total,100%,880
56107903,C - cobertura total,100%,78
56127594,C - cobertura total,100%,276
56130973,C - cobertura total,100%,988
56238808,C - cobertura total,100%,1204
56239407,C - cobertura total,100%,569
56323276,C - cobertura total,100%,957
56387202,C - cobertura total,100%,397
56397306,C - cobertura total,100%,154
56418306,C - cobertura total,100%,446
56453606,C - cobertura total,100%,482
56461008,C - cobertura total,100%,793
56465910,C - cobertura total,100%,159
56473704,C - cobertura total,100%,1127
56474408,C - cobertura total,100%,706
56488624,C - cobertura total,100%,1141
56520068,C - cobertura total,100%,507
56537774,C - cobertura total,100%,318
56582714,C - cobertura total,100%,130
56589543,C - cobertura total,100%,1015
56635305,C - cobertura total,100%,213
56635740,C - cobertura total,100%,428
56639967,C - cobertura total,100%,60
56646904,C - cobertura total,100%,475
56662902,C - cobertura total,100%,332
56664956,C - cobertura total,100%,320
56718006,C - cobertura total,100%,878
56745679,C - cobertura total,100%,179
56751692,C - cobertura total,100%,321
56751693,A - daños a terceros,60%,371
56754275,C - cobertura total,100%,341
56773953,C - cobertura total,100%,817
56783493,C - cobertura total,100%,272
56789234,C - cobertura total,100%,819
56791776,C - cobertura total,100%,505
56799337,C - cobertura total,100%,406
56802745,C - cobertura total,100%,128
56832401,C - cobertura total,100%,356
56845141,C - cobertura total,100%,427
56846936,C - cobertura total,100%,343
56847551,C - cobertura total,100%,689
56857536,C - cobertura total,100%,277
56865608,C - cobertura total,100%,935
56866489,C - cobertura total,100%,175
56881839,C - cobertura total,100%,174
56883532,C - cobertura total,100%,28
56883727,C - cobertura total,100%,656
56888807,C - cobertura total,100%,795
56890496,C - cobertura total,100%,95
56891373,C - cobertura total,100%,504
56901096,C - cobertura total,100%,404
56901803,C - cobertura total,100%,394
56953304,C - cobertura total,100%,296
56954863,C - cobertura total,100%,733
56961978,C - cobertura total,100%,176
56964918,C - cobertura total,100%,27
56968450,C - cobertura total,100%,1085
56988470,C - cobertura total,100%,594
57020306,C - cobertura total,100%,1220
57024521,C - cobertura total,100%,61
57042367,C - cobertura total,100%,273
57047127,C - cobertura total,100%,319
57051512,C - cobertura total,100%,892
57054904,C - cobertura total,100%,792
57063120,C - cobertura total,100%,749
57072602,C - cobertura total,100%,265
57077692,C - cobertura total,100%,1019
57082002,C - cobertura total,100%,484
57090293,C - cobertura total,100%,342
57091581,C - cobertura total,100%,816
57093101,C - cobertura total,100%,94
57094860,C - cobertura total,100%,425
57105851,C - cobertura total,100%,426
57115590,C - cobertura total,100%,453
57126960,C - cobertura total,100%,688
57135904,C - cobertura total,100%,707
57146464,C - cobertura total,100%,96
57149965,C - cobertura total,100%,1056
57172219,C - cobertura total,100%,655
57172805,C - cobertura total,100%,785
57180604,C - cobertura total,100%,80
57181179,C - cobertura total,100%,246
57185069,C - cobertura total,100%,180
57194904,C - cobertura total,100%,741
57219558,C - cobertura total,100%,657
57224583,C - cobertura total,100%,1213
57225358,C - cobertura total,100%,177
57228814,C - cobertura total,100%,823
57237478,C - cobertura total,100%,976
57237987,C - cobertura total,100%,896
57251468,C - cobertura total,100%,734
57252704,C - cobertura total,100%,315
57257051,C - cobertura total,100%,593
57269371,C - cobertura total,100%,654
57272392,C - cobertura total,100%,1059
57275601,C - cobertura total,100%,10
57282804,C - cobertura total,100%,242
57287745,C - cobertura total,100%,1225
57290593,C - cobertura total,100%,451
57294975,C - cobertura total,100%,698
57295330,C - cobertura total,100%,658
57298406,C - cobertura total,100%,317
57302659,C - cobertura total,100%,274
57308783,C - cobertura total,100%,821
57328645,C - cobertura total,100%,1018
57335400,C - cobertura total,100%,1057
57335485,C - cobertura total,100%,1191
57336604,C - cobertura total,100%,6
57339078,C - cobertura total,100%,1138
57341193,C - cobertura total,100%,815
57345798,C - cobertura total,100%,818
57353225,C - cobertura total,100%,813
57354706,C - cobertura total,100%,1202
57371044,C - cobertura total,100%,956
57372032,C - cobertura total,100%,1086
57377146,C - cobertura total,100%,898
57381903,C - cobertura total,100%,212
57386009,C - cobertura total,100%,452
57390606,C - cobertura total,100%,275
57405172,C - cobertura total,100%,895
57405614,C - cobertura total,100%,1058
57407641,C - cobertura total,100%,713
57410438,C - cobertura total,100%,894
57448566,C - cobertura total,100%,748
57451699,C - cobertura total,100%,595
57454667,C - cobertura total,100%,822
57469217,C - cobertura total,100%,820
57469902,C - cobertura total,100%,477
57471102,C - cobertura total,100%,263
57477202,C - cobertura total,100%,946
57484258,C - cobertura total,100%,506
57486961,C - cobertura total,100%,659
57511191,C - cobertura total,100%,977
57513524,C - cobertura total,100%,1055
57546705,C - cobertura total,100%,882
57554957,C - cobertura total,100%,955
57603747,C - cobertura total,100%,1017
57625374,C - cobertura total,100%,989
57637603,C - cobertura total,100%,243
57643902,C - cobertura total,100%,14
57644932,C - cobertura total,100%,1016
57657481,C - cobertura total,100%,1139
57699221,C - cobertura total,100%,1140
57789312,C - cobertura total,100%,897
57818304,C - cobertura total,100%,788
57923604,C - cobertura total,100%,573
57929002,C - cobertura total,100%,211
57961703,C - cobertura total,100%,157
57973002,C - cobertura total,100%,937
57979505,C - cobertura total,100%,1167
58047204,C - cobertura total,100%,789
58068002,C - cobertura total,100%,445
58075703,C - cobertura total,100%,264
58088605,C - cobertura total,100%,1073
58163902,C - cobertura total,100%,376
58199104,C - cobertura total,100%,1129
58215902,C - cobertura total,100%,1130
58254402,C - cobertura total,100%,705
58263204,C - cobertura total,100%,1046
58297002,C - cobertura total,100%,884
58298374,C - cobertura total,100%,1084
58301501,C - cobertura total,100%,112
58330702,C - cobertura total,100%,943
58358701,C - cobertura total,100%,113
58397004,C - cobertura total,100%,941
58410002,C - cobertura total,100%,4
58434302,C - cobertura total,100%,483
58439303,C - cobertura total,100%,883
58458402,C - cobertura total,100%,1072
58473801,C - cobertura total,100%,1007
58497503,C - cobertura total,100%,798
58530803,C - cobertura total,100%,1008
58534102,C - cobertura total,100%,1164
58543903,C - cobertura total,100%,879
58559203,C - cobertura total,100%,881
58564501,C - cobertura total,100%,334
58592701,C - cobertura total,100%,333
58623102,C - cobertura total,100%,678
58661103,C - cobertura total,100%,1069
58666203,C - cobertura total,100%,983
58679203,C - cobertura total,100%,1221
58685501,C - cobertura total,100%,1186
58713901,C - cobertura total,100%,214
58783202,C - cobertura total,100%,942
58851603,C - cobertura total,100%,1165
58859802,C - cobertura total,100%,945
58890234,C - cobertura total,100%,1190
58911003,C - cobertura total,100%,1122
58928347,C - cobertura total,100%,1111
58932102,C - cobertura total,100%,794
58941402,C - cobertura total,100%,940
59004002,C - cobertura total,100%,885
59009701,C - cobertura total,100%,708
59045401,C - cobertura total,100%,681
59123879,C - cobertura total,100%,1054
59155402,C - cobertura total,100%,1203
59292001,C - cobertura total,100%,682
59300901,C - cobertura total,100%,1187
59379802,C - cobertura total,100%,1068
59440601,C - cobertura total,100%,1125
59823749,C - cobertura total,100%,591
61300217,C - cobertura total,100%,1042
62227354,C - cobertura total,100%,286
62789972,A - daños a terceros,50%,189
65034949,C - cobertura total,100%,405
65036981,C - cobertura total,100%,814
65041404,C - cobertura total,100%,1020
65041522,C - cobertura total,100%,403
65042581,C - cobertura total,100%,990
66104282,C - cobertura total,100%,287
66147142,B - terceros completo,90%,328
66176702,C - cobertura total,100%,735
66180572,C - cobertura total,100%,233
66180982,C - cobertura total,100%,835
66190022,B - terceros completo,90%,232
66205292,C - cobertura total,100%,1060
66229542,C - cobertura total,100%,350
66314032,C - cobertura total,100%,531
66315472,C - cobertura total,100%,325
66322629,C - cobertura total,100%,249
66322872,C - cobertura total,100%,848
66369228,B - terceros completo,90%,527
66377732,C - cobertura total,100%,351
66379682,C - cobertura total,100%,433
66383032,C - cobertura total,100%,190
66383502,C - cobertura total,100%,532
66392792,C - cobertura total,100%,327
66395162,C - cobertura total,100%,846
66429612,C - cobertura total,100%,841
66453172,C - cobertura total,100%,768
66459012,C - cobertura total,100%,229
66476602,C - cobertura total,100%,777
66481732,C - cobertura total,100%,673
66487452,C - cobertura total,100%,538
66508329,C - cobertura total,100%,1152
66511632,C - cobertura total,100%,614
66517372,C - cobertura total,100%,978
66528052,C - cobertura total,100%,719
66529162,C - cobertura total,100%,1151
66537452,B - terceros completo,90%,228
66541552,C - cobertura total,100%,1150
66547161,C - cobertura total,100%,386
66557272,C - cobertura total,100%,135
66567872,C - cobertura total,100%,227
66583225,C - cobertura total,100%,671
66601102,C - cobertura total,100%,288
66607752,C - cobertura total,100%,191
66619182,C - cobertura total,100%,843
66623922,B - terceros completo,90%,993
66636312,C - cobertura total,100%,534
66639972,C - cobertura total,100%,912
66639982,C - cobertura total,100%,192
66654642,C - cobertura total,100%,137
66673472,C - cobertura total,100%,533
66677542,C - cobertura total,100%,850
66717632,C - cobertura total,100%,845
66731908,C - cobertura total,100%,358
66732192,C - cobertura total,100%,526
66735072,C - cobertura total,100%,995
66735652,C - cobertura total,100%,432
66770892,C - cobertura total,100%,910
66772582,C - cobertura total,100%,616
66773925,C - cobertura total,100%,103
66774812,C - cobertura total,100%,1149
66776772,C - cobertura total,100%,226
66786302,C - cobertura total,100%,250
66787702,C - cobertura total,100%,431
66792302,C - cobertura total,100%,230
66795020,C - cobertura total,100%,847
66795252,C - cobertura total,100%,617
66796122,C - cobertura total,100%,37
66808862,C - cobertura total,100%,231
66813852,C - cobertura total,100%,1147
66822872,C - cobertura total,100%,524
66828942,C - cobertura total,100%,536
66842228,C - cobertura total,100%,138
66844272,C - cobertura total,100%,960
66890042,C - cobertura total,100%,67
66898472,C - cobertura total,100%,962
66898662,C - cobertura total,100%,837
66924742,C - cobertura total,100%,909
66937302,C - cobertura total,100%,529
66970862,C - cobertura total,100%,836
74031008,C - cobertura total,100%,392
83874035,C - cobertura total,100%,934
86774992,C - cobertura total,100%,535
86861332,C - cobertura total,100%,844
86944492,C - cobertura total,100%,35
87062452,C - cobertura total,100%,528
87412162,C - cobertura total,100%,349
94699154,C - cobertura total,100%,480
95953013,C - cobertura total,100%,331
96111014,C - cobertura total,100%,770
514117668,C - cobertura total,100%,88
514266182,B - terceros completo,90%,584
514323698,C - cobertura total,100%,125
514396577,C - cobertura total,100%,171
514397840,C - cobertura total,100%,450
514425655,C - cobertura total,100%,93
514444742,C - cobertura total,100%,169
514492241,C - cobertura total,100%,1013
514498869,C - cobertura total,100%,126
514502479,C - cobertura total,100%,381
514514798,C - cobertura total,100%,1110
514515071,C - cobertura total,100%,1083
514526593,C - cobertura total,100%,732
514526680,C - cobertura total,100%,686
514538133,C - cobertura total,100%,127
514547310,C - cobertura total,100%,25
514590329,C - cobertura total,100%,586
514603701,C - cobertura total,100%,890
514606914,C - cobertura total,100%,271
514621786,C - cobertura total,100%,245
514653439,C - cobertura total,100%,1211
514667379,C - cobertura total,100%,811
514681783,C - cobertura total,100%,503
514684358,B - terceros completo,90%,1210
514684723,C - cobertura total,100%,1053
514703339,C - cobertura total,100%,1014
514722146,B - terceros completo,90%,588
514728237,C - cobertura total,100%,891
514748583,C - cobertura total,100%,26
514770677,C - cobertura total,100%,89
514771317,C - cobertura total,100%,986
514782466,C - cobertura total,100%,1224
514783829,C - cobertura total,100%,502
514791664,C - cobertura total,100%,589
514800188,C - cobertura total,100%,712
514808868,C - cobertura total,100%,244
514809664,C - cobertura total,100%,173
514817176,C - cobertura total,100%,812
514834668,C - cobertura total,100%,92
514836438,C - cobertura total,100%,501
514847875,C - cobertura total,100%,424
514863879,C - cobertura total,100%,590
514866592,C - cobertura total,100%,1212
514867744,C - cobertura total,100%,585
514877288,C - cobertura total,100%,583
514900122,C - cobertura total,100%,360
514902285,C - cobertura total,100%,172
514904656,C - cobertura total,100%,124
514911691,C - cobertura total,100%,170
514941621,C - cobertura total,100%,764
514945920,C - cobertura total,100%,91
514958515,C - cobertura total,100%,953
514974680,C - cobertura total,100%,1051
514990223,C - cobertura total,100%,402
514992910,C - cobertura total,100%,697
514995263,C - cobertura total,100%,587
515010701,C - cobertura total,100%,1052
515031135,C - cobertura total,100%,987
515039055,C - cobertura total,100%,1012
515042225,C - cobertura total,100%,90
515054613,C - cobertura total,100%,1137
515070845,C - cobertura total,100%,1050
515128574,C - cobertura total,100%,954
515203315,C - cobertura total,100%,1082
519920052,B - terceros completo,80%,615
529266342,C - cobertura total,100%,412
529499262,C - cobertura total,100%,618
529627762,C - cobertura total,100%,66
529699742,C - cobertura total,100%,136
529818352,C - cobertura total,100%,462
529830682,C - cobertura total,100%,326
529837632,B - terceros completo,90%,1092
529849242,C - cobertura total,100%,1148
529867232,C - cobertura total,100%,908
529888262,C - cobertura total,100%,690
529890122,C - cobertura total,100%,34
529892752,B - terceros completo,90%,838
529906812,C - cobertura total,100%,134
529937552,C - cobertura total,100%,842
529940472,C - cobertura total,100%,718
529958062,C - cobertura total,100%,851
529998152,B - terceros completo,90%,752
611719242,C - cobertura total,100%,849
621431342,C - cobertura total,100%,193
621574262,C - cobertura total,100%,1094
621929402,C - cobertura total,100%,188
622045302,C - cobertura total,100%,911
622097592,C - cobertura total,100%,387
622201752,C - cobertura total,100%,964
622230902,C - cobertura total,100%,39
622236552,C - cobertura total,100%,36
622260062,C - cobertura total,100%,961
622303182,C - cobertura total,100%,994
622352372,C - cobertura total,100%,613
622424962,C - cobertura total,100%,530
622549092,C - cobertura total,100%,1179
622565662,C - cobertura total,100%,669
622597612,C - cobertura total,100%,913
661007802,C - cobertura total,100%,1024
661049192,B - terceros completo,90%,38
661089752,C - cobertura total,100%,102
661089842,C - cobertura total,100%,670
661100712,C - cobertura total,100%,701
661128602,C - cobertura total,100%,672
661154742,C - cobertura total,100%,840
661165632,C - cobertura total,100%,1196
661180422,C - cobertura total,100%,839
661200022,C - cobertura total,100%,963
661217572,C - cobertura total,100%,996
661318452,C - cobertura total,100%,1116
661422912,C - cobertura total,100%,1093
664689000,C - cobertura total,100%,187
